permit,rdus,size,50+units,in_count,date,year,period,month,quarter,quarteryear,zip,tract,coord,lat,long,number,direction,street,suffix,address
17010-30000-04563,1,1 unit,No,Yes,3/8/2018,2018,After,3,Q1,Q1 2018,90025,2675.02,,34.034718,-118.46147,1743,S,CARMELINA,AVE,1743 S CARMELINA AVE
14010-30000-01766,1,1 unit,No,Yes,8/21/2014,2014,Before,8,Q3,Q3 2014,90025,2675.02,"34.03488, -118.46024",34.03488,-118.46024,1751,S,WELLESLEY,AVE,1751 S WELLESLEY AVE
14010-20000-03041,1,1 unit,No,Yes,1/13/2015,2015,Before,1,Q1,Q1 2015,90025,2675.02,"34.03501, -118.4599",34.03501,-118.4599,1752,S,WELLESLEY,AVE,1752 S WELLESLEY AVE
16010-30000-02740,1,1 unit,No,Yes,12/30/2016,2016,After,12,Q4,Q4 2016,90025,2675.02,"34.03564, -118.46275",34.03564,-118.46275,1643,S,CARMELINA,AVE,1643 S CARMELINA AVE
15010-10000-03205,1,1 unit,No,Yes,11/23/2015,2015,Before,11,Q4,Q4 2015,90025,2675.02,"34.03565, -118.46235",34.03565,-118.46235,1652,S,CARMELINA,AVE,1652 S CARMELINA AVE
16010-20000-00871,1,1 unit,No,Yes,5/27/2016,2016,After,5,Q2,Q2 2016,90025,2675.02,"34.03619, -118.4634",34.03619,-118.4634,1615,S,CARMELINA,AVE,1615 S CARMELINA AVE
17010-10000-02150,1,1 unit,No,Yes,7/12/2017,2017,After,7,Q3,Q3 2017,90025,2676,"34.0362, -118.45408",34.0362,-118.45408,1915,S,WESTGATE,AVE,1915 S WESTGATE AVE
14010-30000-02888,2,2-4 units,No,Yes,2/26/2016,2016,Before,2,Q1,Q1 2016,90025,2677.00,"34.03632, -118.44659",34.03632,-118.44659,2120,S,FEDERAL,AVE,2120 S FEDERAL AVE
15010-20000-01396,1,1 unit,No,Yes,8/4/2015,2015,Before,8,Q3,Q3 2015,90025,2675.02,"34.03637, -118.45985",34.03637,-118.45985,1716,S,AMHERST,AVE,1716 S AMHERST AVE
14010-30000-02887,2,2-4 units,No,Yes,2/26/2016,2016,Before,2,Q1,Q1 2016,90025,2677.00,"34.03643, -118.44668",34.03643,-118.44668,2116,S,FEDERAL,AVE,2116 S FEDERAL AVE
16010-30000-01227,1,1 unit,No,Yes,9/21/2016,2016,After,9,Q3,Q3 2016,90025,2676,"34.03647, -118.44741",34.03647,-118.44741,11608,W,MISSISSIPPI,AVE,11608 W MISSISSIPPI AVE
14010-20000-00494,1,1 unit,No,Yes,5/1/2014,2014,Exclude,5,Q2,Q2 2014,90025,2677,"34.03656, -118.44679",34.03656,-118.44679,2108,S,FEDERAL,AVE,2108 S FEDERAL AVE
16010-30000-01226,1,1 unit,No,Yes,9/21/2016,2016,After,9,Q3,Q3 2016,90025,2676,"34.03656, -118.44725",34.03656,-118.44725,11600,W,MISSISSIPPI,AVE,11600 W MISSISSIPPI AVE
14010-20000-00493,1,1 unit,No,Yes,5/1/2014,2014,Exclude,5,Q2,Q2 2014,90025,2677,"34.03663, -118.44685",34.03663,-118.44685,2106,S,FEDERAL,AVE,2106 S FEDERAL AVE
16010-10000-00742,1,1 unit,No,Yes,8/5/2016,2016,After,8,Q3,Q3 2016,90025,2675.02,"34.03675, -118.46411",34.03675,-118.46411,1557,S,CARMELINA,AVE,1557 S CARMELINA AVE
16010-10000-00743,1,1 unit,No,Yes,8/5/2016,2016,After,8,Q3,Q3 2016,90025,2675.02,"34.03681, -118.46419",34.03681,-118.46419,1555,S,CARMELINA,AVE,1555 S CARMELINA AVE
16010-30000-01022,1,1 unit,No,Yes,6/14/2017,2017,After,6,Q2,Q2 2017,90025,2676,"34.03704, -118.44904",34.03704,-118.44904,2019,S,BARRY,AVE,2019 S BARRY AVE
16010-10000-00444,1,1 unit,No,Yes,8/5/2016,2016,After,8,Q3,Q3 2016,90025,2675.02,"34.03708, -118.46404",34.03708,-118.46404,1548,S,CARMELINA,AVE,1548 S CARMELINA AVE
15010-20000-00860,2,2-4 units,No,Yes,6/18/2015,2015,Before,6,Q2,Q2 2015,90025,2676.00,"34.03712, -118.45084",34.03712,-118.45084,1947,S,BARRINGTON,AVE,1947 S BARRINGTON AVE
16010-30000-01019,1,1 unit,No,Yes,12/9/2016,2016,After,12,Q4,Q4 2016,90025,2676,"34.03718, -118.44916",34.03718,-118.44916,2015,S,BARRY,AVE,2015 S BARRY AVE
16010-30000-01020,1,1 unit,No,Yes,12/9/2016,2016,After,12,Q4,Q4 2016,90025,2676,"34.0372, -118.44918",34.0372,-118.44918,2011,S,BARRY,AVE,2011 S BARRY AVE
16010-10000-00799,77,50-99 units,Yes,Yes,9/8/2017,2017,After,9,Q3,Q3 2017,90025,2677.00,,34.037266,-118.444786,2140,S,BUTLER,AVE,2140 S BUTLER AVE
16010-30000-04061,1,1 unit,No,Yes,5/1/2017,2017,After,5,Q2,Q2 2017,90025,2675.02,"34.03728, -118.46134",34.03728,-118.46134,1633,S,AMHERST,AVE,1633 S AMHERST AVE
16010-30000-01021,1,1 unit,No,Yes,6/14/2017,2017,After,6,Q2,Q2 2017,90025,2676,,34.0373,-118.44904,2017,S,BARRY,AVE,2017 S BARRY AVE
16010-10000-00437,1,1 unit,No,Yes,8/5/2016,2016,After,8,Q3,Q3 2016,90025,2675.02,,34.037334,-118.464516,1550,S,CARMELINA,AVE,1550 S CARMELINA AVE
18010-30000-01146,1,1 unit,No,Yes,10/2/2018,2018,Exclude,10,Q4,Q4 2018,90025,2677,"34.03743, -118.44573",34.03743,-118.44573,11516,W,MISSISSIPPI,AVE,11516 W MISSISSIPPI AVE
15010-10000-02913,4,2-4 units,No,Yes,3/30/2016,2016,Before,3,Q1,Q1 2016,90025,2675.02,"34.03743, -118.45904",34.03743,-118.45904,11979,W,WALNUT,LANE,11979 W WALNUT LANE
15010-30000-02616,1,1 unit,No,Yes,4/8/2016,2016,Before,4,Q2,Q2 2016,90025,2675.02,,34.03749,-118.464714,1537,S,CARMELINA,AVE,1537 S CARMELINA AVE
18010-30000-01145,1,1 unit,No,Yes,10/2/2018,2018,Exclude,10,Q4,Q4 2018,90025,2677,"34.03754, -118.44563",34.03754,-118.44563,11512,W,MISSISSIPPI,AVE,11512 W MISSISSIPPI AVE
17010-30000-03974,1,1 unit,No,Yes,10/02/2018,2018,Exclude,10,Q4,Q4 2018,90025,2677,,34.037636,-118.445656,11518,W,MISSISSIPPI,AVE,11518 W MISSISSIPPI AVE
14010-20000-00513,1,1 unit,No,Yes,4/29/2014,2014,Exclude,4,Q2,Q2 2014,90025,2675.02,"34.03764, -118.46174",34.03764,-118.46174,1615,S,AMHERST,AVE,1615 S AMHERST AVE
16010-30000-06406,2,2-4 units,No,Yes,8/7/2017,2017,After,8,Q3,Q3 2017,90025,2677.00,"34.03765, -118.44586",34.03765,-118.44586,11517,W,MISSISSIPPI,AVE,11517 W MISSISSIPPI AVE
17010-30000-03972,1,1 unit,No,Yes,10/02/2018,2018,Exclude,10,Q4,Q4 2018,90025,2677,,34.037674,-118.44559,11514,W,MISSISSIPPI,AVE,11514 W MISSISSIPPI AVE
13010-20000-04571,1,1 unit,No,Yes,4/8/2014,2014,Exclude,4,Q2,Q2 2014,90025,2676,"34.0377, -118.4482",34.0377,-118.4482,2013,S,FEDERAL,AVE,2013 S FEDERAL AVE
12010-10000-02557,1,1 unit,No,Yes,10/21/2013,2013,Exclude,10,Q4,Q4 2013,90025,2675.02,"34.03776, -118.46484",34.03776,-118.46484,1514,S,CARMELINA,AVE,1514 S CARMELINA AVE
13010-20000-04572,1,1 unit,No,Yes,4/8/2014,2014,Exclude,4,Q2,Q2 2014,90025,2676,"34.03777, -118.44824",34.03777,-118.44824,2011,S,FEDERAL,AVE,2011 S FEDERAL AVE
14014-10000-03981,2,2-4 units,No,Yes,7/27/2015,2015,Before,7,Q3,Q3 2015,90025,2675.02,"34.03778, -118.46168",34.03778,-118.46168,1616,S,AMHERST,AVE,1616 S AMHERST AVE
12010-10000-02556,1,1 unit,No,Yes,10/21/2013,2013,Exclude,10,Q4,Q4 2013,90025,2675.02,"34.03783, -118.46492",34.03783,-118.46492,1512,S,CARMELINA,AVE,1512 S CARMELINA AVE
12010-10000-02553,1,1 unit,No,Yes,10/21/2013,2013,Exclude,10,Q4,Q4 2013,90025,2675.02,"34.03785, -118.46495",34.03785,-118.46495,1510,S,CARMELINA,AVE,1510 S CARMELINA AVE
16010-30000-00359,2,2-4 units,No,Yes,5/3/2016,2016,Before,5,Q2,Q2 2016,90025,2675.02,"34.0379, -118.4633",34.0379,-118.4633,1546,S,WELLESLEY,AVE,1546 S WELLESLEY AVE
12010-10000-02554,1,1 unit,No,Yes,10/21/2013,2013,Exclude,10,Q4,Q4 2013,90025,2675.02,"34.03793, -118.46503",34.03793,-118.46503,1508,S,CARMELINA,AVE,1508 S CARMELINA AVE
15010-30000-01240,1,1 unit,No,Yes,11/23/2015,2015,Before,11,Q4,Q4 2015,90025,2677,"34.03811, -118.44536",34.03811,-118.44536,2050,S,BUTLER,AVE,2050 S BUTLER AVE
14010-10000-01992,1,1 unit,No,Yes,8/24/2015,2015,Before,8,Q3,Q3 2015,90025,2676,"34.03818, -118.45251",34.03818,-118.45251,1856,S,STONER,AVE,1856 S STONER AVE
14010-10000-01991,1,1 unit,No,Yes,8/24/2015,2015,Before,8,Q3,Q3 2015,90025,2676,"34.03824, -118.4524",34.03824,-118.4524,11737,W,MISSOURI,AVE,11737 W MISSOURI AVE
15010-30000-01241,1,1 unit,No,Yes,11/23/2015,2015,Before,11,Q4,Q4 2015,90025,2677,"34.03826, -118.44512",34.03826,-118.44512,2052,S,BUTLER,AVE,2052 S BUTLER AVE
16010-10000-01284,3,2-4 units,No,Yes,10/5/2017,2017,After,10,Q4,Q4 2017,90025,2675.02,"34.03827, -118.46088",34.03827,-118.46088,1619,S,BUNDY,DR,1619 S BUNDY DR
14010-10000-01990,1,1 unit,No,Yes,8/24/2015,2015,Before,8,Q3,Q3 2015,90025,2676,"34.03831, -118.45227",34.03831,-118.45227,11735,W,MISSOURI,AVE,11735 W MISSOURI AVE
14010-10000-01988,1,1 unit,No,Yes,8/24/2015,2015,Before,8,Q3,Q3 2015,90025,2676,"34.03834, -118.45223",34.03834,-118.45223,11733,W,MISSOURI,AVE,11733 W MISSOURI AVE
13010-10000-01135,1,1 unit,No,Yes,1/27/2014,2014,Exclude,1,Q1,Q1 2014,90025,2675.01,"34.03858, -118.45719",34.03858,-118.45719,1724,S,ARMACOST,AVE,1724 S ARMACOST AVE
13010-10000-01133,1,1 unit,No,Yes,1/27/2014,2014,Exclude,1,Q1,Q1 2014,90025,2675.01,"34.03858, -118.45719",34.03858,-118.45719,1724,S,ARMACOST,AVE,1724 S ARMACOST AVE
13010-10000-01134,1,1 unit,No,Yes,1/27/2014,2014,Exclude,1,Q1,Q1 2014,90025,2675.01,"34.03858, -118.45719",34.03858,-118.45719,1724,S,ARMACOST,AVE,1724 S ARMACOST AVE
18010-30000-00479,1,1 unit,No,Yes,7/16/2018,2018,Exclude,7,Q3,Q3 2018,90025,2677,"34.03863, -118.44423",34.03863,-118.44423,11365,W,MISSISSIPPI,AVE,11365 W MISSISSIPPI AVE
18010-30000-01696,1,1 unit,No,Yes,9/14/2018,2018,Exclude,9,Q3,Q3 2018,90025,2677,"34.03867, -118.44473",34.03867,-118.44473,2043,S,PURDUE,AVE,2043 S PURDUE AVE
16010-30000-05174,1,1 unit,No,Yes,3/16/2018,2018,After,3,Q1,Q1 2018,90025,2676,,34.03867,-118.453094,1850,S,STONER,AVE,1850 S STONER AVE
13010-20000-03500,1,1 unit,No,Yes,3/3/2014,2014,Exclude,3,Q1,Q1 2014,90025,2677,"34.03869, -118.44862",34.03869,-118.44862,1944,S,FEDERAL,AVE,1944 S FEDERAL AVE
18010-30000-00481,1,1 unit,No,Yes,7/16/2018,2018,Exclude,7,Q3,Q3 2018,90025,2677.00,,34.038784,-118.44376,11357,W,MISSISSIPPI,AVE,11357 W MISSISSIPPI AVE
14010-10000-00431,2,2-4 units,No,Yes,11/21/2014,2014,Before,11,Q4,Q4 2014,90025,2676.00,"34.03881, -118.45158",34.03881,-118.45158,1850,S,BARRINGTON,AVE,1850 S BARRINGTON AVE
13010-20000-03556,2,2-4 units,No,Yes,9/15/2014,2014,Before,9,Q3,Q3 2014,90025,2675.01,"34.03891, -118.45849",34.03891,-118.45849,11921,W,IOWA,AVE,11921 W IOWA AVE
14010-30000-02823,1,1 unit,No,Yes,1/10/2017,2017,After,1,Q1,Q1 2017,90025,2677,"34.03897, -118.44736",34.03897,-118.44736,11517,W,LA GRANGE,AVE,11517 W LA GRANGE AVE
17010-10000-00066,50,50-99 units,Yes,Yes,2/1/2018,2018,After,2,Q1,Q1 2018,90025,2674.02,"34.03899, -118.4676",34.03899,-118.4676,12431,W,ROCHESTER,AVE,12431 W ROCHESTER AVE
14010-30000-02822,1,1 unit,No,Yes,1/10/2017,2017,After,1,Q1,Q1 2017,90025,2677,"34.03908, -118.44717",34.03908,-118.44717,11515,W,LA GRANGE,AVE,11515 W LA GRANGE AVE
18010-30000-00480,1,1 unit,No,Yes,7/16/2018,2018,Exclude,7,Q3,Q3 2018,90025,2677,,34.039116,-118.44494,2050,S,PURDUE,AVE,2050 S PURDUE AVE
12010-10000-02240,34,20-49 units,No,Yes,4/22/2013,2013,Exclude,4,Q2,Q2 2013,90025,2675.02,,34.039185,-118.46073,12000,W,IDAHO,AVE,12000 W IDAHO AVE
18010-30000-01697,1,1 unit,No,Yes,9/14/2018,2018,Exclude,9,Q3,Q3 2018,90025,2677,,34.039185,-118.445015,2045,S,PURDUE,AVE,2045 S PURDUE AVE
13010-10000-00801,1,1 unit,No,Yes,7/18/2013,2013,Exclude,7,Q3,Q3 2013,90025,2677,"34.03927, -118.44535",34.03927,-118.44535,2015,S,PURDUE,AVE,2015 S PURDUE AVE
17010-20000-01512,11,5-19 units,No,Yes,11/17/2017,2017,After,11,Q4,Q4 2017,90025,2676.00,"34.03927, -118.45194",34.03927,-118.45194,1832,S,BARRINGTON,AVE,1832 S BARRINGTON AVE
17010-30000-03003,2,2-4 units,No,Yes,6/11/2018,2018,Exclude,6,Q2,Q2 2018,90025,2676.00,,34.039288,-118.45219,1846,S,BARRINGTON,AVE,1846 S BARRINGTON AVE
13010-10000-00800,1,1 unit,No,Yes,7/18/2013,2013,Exclude,7,Q3,Q3 2013,90025,2677,"34.03941, -118.44547",34.03941,-118.44547,2013,S,PURDUE,AVE,2013 S PURDUE AVE
14010-10000-02845,10,5-19 units,No,Yes,5/21/2015,2015,Before,5,Q2,Q2 2015,90025,2674.02,"34.03942, -118.46844",34.03942,-118.46844,1326,S,CENTINELA,AVE,1326 S CENTINELA AVE
15010-30000-01024,17,5-19 units,No,Yes,8/27/2015,2015,Before,8,Q3,Q3 2015,90025,2677.00,"34.03984, -118.44175",34.03984,-118.44175,11260,W,MISSISSIPPI,AVE,11260 W MISSISSIPPI AVE
17010-10000-02977,4,2-4 units,No,Yes,5/21/2018,2018,Exclude,5,Q2,Q2 2018,90025,2675.01,,34.039894,-118.45561,1721,S,GRANVILLE,AVE,1721 S GRANVILLE AVE
15010-30000-03387,4,2-4 units,No,Yes,7/21/2016,2016,After,7,Q3,Q3 2016,90025,2677.00,"34.03992, -118.44161",34.03992,-118.44161,11254,W,MISSISSIPPI,AVE,11254 W MISSISSIPPI AVE
13010-30000-01867,1,1 unit,No,Yes,3/28/2014,2014,Exclude,3,Q1,Q1 2014,90025,2675.01,,34.040146,-118.45437,1746,S,STONER,AVE,1746 S STONER AVE
13010-30000-01711,1,1 unit,No,Yes,3/28/2014,2014,Exclude,3,Q1,Q1 2014,90025,2675.01,,34.040146,-118.45437,1746,S,STONER,AVE,1746 S STONER AVE
13010-30000-01868,1,1 unit,No,Yes,3/28/2014,2014,Exclude,3,Q1,Q1 2014,90025,2675.01,,34.040146,-118.45437,1746,S,STONER,AVE,1746 S STONER AVE
13010-30000-01869,1,1 unit,No,Yes,3/28/2014,2014,Exclude,3,Q1,Q1 2014,90025,2675.01,,34.040146,-118.45437,1746,S,STONER,AVE,1746 S STONER AVE
14010-30000-00548,1,1 unit,No,Yes,10/2/2014,2014,Before,10,Q4,Q4 2014,90025,2677,"34.04044, -118.44433",34.04044,-118.44433,11322,W,LA GRANGE,AVE,11322 W LA GRANGE AVE
16010-10000-04851,8,5-19 units,No,Yes,5/1/2017,2017,After,5,Q2,Q2 2017,90025,2675.01,"34.04046, -118.45929",34.04046,-118.45929,1553,S,ARMACOST,AVE,1553 S ARMACOST AVE
14010-10000-04166,72,50-99 units,Yes,Yes,6/7/2017,2017,After,6,Q2,Q2 2017,90025,2677.00,,34.04047,-118.44456,11311,W,LA GRANGE,AVE,11311 W LA GRANGE AVE
14010-30000-00547,1,1 unit,No,Yes,10/2/2014,2014,Before,10,Q4,Q4 2014,90025,2677,"34.04051, -118.44422",34.04051,-118.44422,11320,W,LA GRANGE,AVE,11320 W LA GRANGE AVE
16010-30000-01303,1,1 unit,No,Yes,9/8/2016,2016,After,9,Q3,Q3 2016,90025,2677,,34.04071,-118.447914,11502,W,MISSOURI,AVE,11502 W MISSOURI AVE
16010-30000-01304,1,1 unit,No,Yes,9/8/2016,2016,After,9,Q3,Q3 2016,90025,2677,,34.04073,-118.44788,11500,W,MISSOURI,AVE,11500 W MISSOURI AVE
12010-10000-01927,49,20-49 units,No,Yes,8/14/2015,2015,Before,8,Q3,Q3 2015,90025,2677.00,"34.04086, -118.44902",34.04086,-118.44902,1836,S,COLBY,AVE,1836 S COLBY AVE
13010-10000-00012,26,20-49 units,No,Yes,10/3/2014,2014,Before,10,Q4,Q4 2014,90025,2675.01,"34.04124, -118.45949",34.04124,-118.45949,1526,S,ARMACOST,AVE,1526 S ARMACOST AVE
14010-20000-01807,1,1 unit,No,Yes,11/14/2014,2014,Before,11,Q4,Q4 2014,90025,2675.01,"34.0416, -118.45646",34.0416,-118.45646,11772,W,IDAHO,AVE,11772 W IDAHO AVE
12010-20000-02218,8,5-19 units,No,Yes,3/28/2014,2014,Exclude,3,Q1,Q1 2014,90025,2675.01,"34.04169, -118.45632",34.04169,-118.45632,11764,W,IDAHO,AVE,11764 W IDAHO AVE
15010-10000-00606,19,5-19 units,No,Yes,7/28/2015,2015,Before,7,Q3,Q3 2015,90025,2675.01,"34.04169, -118.45874",34.04169,-118.45874,1515,S,WESTGATE,AVE,1515 S WESTGATE AVE
15010-10000-00608,9,5-19 units,No,Yes,8/6/2015,2015,Before,8,Q3,Q3 2015,90025,2675.01,"34.04172, -118.45843",34.04172,-118.45843,1522,S,WESTGATE,AVE,1522 S WESTGATE AVE
14010-30000-01086,25,20-49 units,No,Yes,3/29/2016,2016,Before,3,Q1,Q1 2016,90025,2675.01,,34.04205,-118.4517,1731,S,FEDERAL,AVE,1731 S FEDERAL AVE
12014-30000-04553,5,5-19 units,No,Yes,6/18/2013,2013,Exclude,6,Q2,Q2 2013,90025,2675.01,"34.04211, -118.45935",34.04211,-118.45935,11852,W,SANTA MONICA,BLVD,11852 W SANTA MONICA BLVD
14010-30000-03472,39,20-49 units,No,Yes,4/27/2018,2018,After,4,Q2,Q2 2018,90025,2675.01,"34.04211, -118.45935",34.04211,-118.45935,11852,W,SANTA MONICA,BLVD,11852 W SANTA MONICA BLVD
15010-10000-00607,9,5-19 units,No,Yes,7/28/2015,2015,Before,7,Q3,Q3 2015,90025,2675.01,"34.04215, -118.45772",34.04215,-118.45772,1519,S,GRANVILLE,AVE,1519 S GRANVILLE AVE
14010-30000-01683,52,50-99 units,Yes,Yes,12/29/2014,2014,Before,12,Q4,Q4 2014,90025,2677.00,"34.04236, -118.44464",34.04236,-118.44464,1900,S,SAWTELLE,BLVD,1900 S SAWTELLE BLVD
14010-10000-03747,147,100-199 units,Yes,Yes,12/18/2015,2015,Before,12,Q4,Q4 2015,90025,2675.01,,34.042553,-118.4579,1515,S,GRANVILLE,AVE,1515 S GRANVILLE AVE
15010-30000-02643,25,20-49 units,No,Yes,1/22/2016,2016,Before,1,Q1,Q1 2016,90025,2677.00,"34.04272, -118.44498",34.04272,-118.44498,1854,S,SAWTELLE,BLVD,1854 S SAWTELLE BLVD
16010-10000-04258,210,200+ units,Yes,Yes,10/5/2018,2018,Exclude,10,Q4,Q4 2018,90025,2675.01,,34.04273,-118.45804,1500,S,GRANVILLE,AVE,1500 S GRANVILLE AVE
13010-10000-04452,7,5-19 units,No,Yes,3/19/2015,2015,Before,3,Q1,Q1 2015,90025,2672.00,"34.04285, -118.43873",34.04285,-118.43873,2028,S,BENTLEY,AVE,2028 S BENTLEY AVE
16010-10000-06262,1,1 unit,No,Yes,7/24/2017,2017,After,7,Q3,Q3 2017,90025,2672,"34.04286, -118.43776",34.04286,-118.43776,2043,S,CAMDEN,AVE,2043 S CAMDEN AVE
17010-10000-02522,18,5-19 units,No,Yes,5/11/2018,2018,After,5,Q2,Q2 2018,90025,2674.02,"34.04288, -118.46135",34.04288,-118.46135,1437,S,ARMACOST,AVE,1437 S ARMACOST AVE
14010-10000-03535,19,5-19 units,No,Yes,9/10/2015,2015,Before,9,Q3,Q3 2015,90025,2677.00,"34.04291, -118.44567",34.04291,-118.44567,1837,S,SAWTELLE,BLVD,1837 S SAWTELLE BLVD
14010-10000-02720,30,20-49 units,No,Yes,5/20/2015,2015,Before,5,Q2,Q2 2015,90025,2677.00,"34.04293, -118.44569",34.04293,-118.44569,1831,S,SAWTELLE,BLVD,1831 S SAWTELLE BLVD
18010-10000-02398,1,1 unit,No,Yes,8/28/2018,2018,Exclude,8,Q3,Q3 2018,90025,2672,"34.04296, -118.43382",34.04296,-118.43382,2149,S,KELTON,AVE,2149 S KELTON AVE
16010-20000-04495,1,1 unit,No,Yes,3/27/2018,2018,After,3,Q1,Q1 2018,90025,2672,"34.04296, -118.43753",34.04296,-118.43753,2042,S,CAMDEN,AVE,2042 S CAMDEN AVE
15010-30000-00313,13,5-19 units,No,Yes,9/8/2015,2015,Before,9,Q3,Q3 2015,90025,2674.02,"34.04309, -118.46139",34.04309,-118.46139,1431,S,ARMACOST,AVE,1431 S ARMACOST AVE
13010-10000-03044,8,5-19 units,No,Yes,2/24/2014,2014,Exclude,2,Q1,Q1 2014,90025,2673.00,"34.04366, -118.4529",34.04366,-118.4529,1642,S,FEDERAL,AVE,1642 S FEDERAL AVE
13010-10000-03032,15,5-19 units,No,Yes,3/21/2014,2014,Exclude,3,Q1,Q1 2014,90025,2673.00,"34.04424, -118.4463",34.04424,-118.4463,1750,S,SAWTELLE,BLVD,1750 S SAWTELLE BLVD
17010-30000-03076,1,1 unit,No,Yes,3/28/2018,2018,After,3,Q1,Q1 2018,90025,2672,"34.04475, -118.43639",34.04475,-118.43639,2012,S,VETERAN,AVE,2012 S VETERAN AVE
17010-10000-02621,20,20-49 units,No,Yes,9/17/2018,2018,Exclude,9,Q3,Q3 2018,90025,2674.03,"34.04501, -118.45694",34.04501,-118.45694,1450,S,BARRINGTON,AVE,1450 S BARRINGTON AVE
16010-10000-05665,29,20-49 units,No,Yes,6/21/2018,2018,Exclude,6,Q2,Q2 2018,90025,2674.04,"34.04508, -118.46181",34.04508,-118.46181,1301,S,WESTGATE,AVE,1301 S WESTGATE AVE
14010-20000-00521,1,1 unit,No,Yes,6/23/2014,2014,Before,6,Q2,Q2 2014,90025,2672,"34.04527, -118.43582",34.04527,-118.43582,2007,S,KELTON,AVE,2007 S KELTON AVE
16010-10000-05891,1,1 unit,No,Yes,4/27/2017,2017,After,4,Q2,Q2 2017,90025,2672,"34.0454, -118.43963",34.0454,-118.43963,1902,S,CAMDEN,AVE,1902 S CAMDEN AVE
14010-10000-02565,56,50-99 units,Yes,Yes,9/27/2016,2016,After,9,Q3,Q3 2016,90025,2673.00,"34.04569, -118.45373",34.04569,-118.45373,1515,S,COLBY,AVE,1515 S COLBY AVE
16010-30000-05136,48,20-49 units,No,Yes,12/4/2017,2017,After,12,Q4,Q4 2017,90025,2673.00,"34.04594, -118.44777",34.04594,-118.44777,1650,S,SAWTELLE,BLVD,1650 S SAWTELLE BLVD
15010-10000-03112,68,50-99 units,Yes,Yes,11/7/2017,2017,After,11,Q4,Q4 2017,90025,2673.00,"34.046, -118.45119",34.046,-118.45119,11401,W,SANTA MONICA,BLVD,11401 W SANTA MONICA BLVD
14010-30000-03558,1,1 unit,No,Yes,6/1/2017,2017,After,6,Q2,Q2 2017,90025,2672,"34.0461, -118.43621",34.0461,-118.43621,1940,S,KELTON,AVE,1940 S KELTON AVE
13010-10000-02510,57,50-99 units,Yes,Yes,10/16/2015,2015,Before,10,Q4,Q4 2015,90025,2674.04,"34.04636, -118.46301",34.04636,-118.46301,1233,S,WESTGATE,AVE,1233 S WESTGATE AVE
16010-30000-01721,8,5-19 units,No,Yes,8/18/2017,2017,After,8,Q3,Q3 2017,90025,2674.04,"34.04711, -118.46067",34.04711,-118.46067,1261,S,STONER,AVE,1261 S STONER AVE
13010-10000-00900,1,1 unit,No,Yes,5/23/2013,2013,Exclude,5,Q2,Q2 2013,90025,2672,"34.04752, -118.43609",34.04752,-118.43609,1902,S,MIDVALE,AVE,1902 S MIDVALE AVE
13010-10000-00336,24,20-49 units,No,Yes,1/27/2014,2014,Exclude,1,Q1,Q1 2014,90025,2672.00,"34.04756, -118.43747",34.04756,-118.43747,1868,S,KELTON,AVE,1868 S KELTON AVE
14010-20000-02950,36,20-49 units,No,Yes,7/6/2017,2017,After,7,Q3,Q3 2017,90025,2674.03,"34.04765, -118.45636",34.04765,-118.45636,1330,S,FEDERAL,AVE,1330 S FEDERAL AVE
17010-30000-03928,1,1 unit,No,Yes,3/2/2018,2018,After,3,Q1,Q1 2018,90025,2671.00,"34.04777, -118.42818",34.04777,-118.42818,2106,S,PELHAM,AVE,2106 S PELHAM AVE
12010-10000-01130,63,50-99 units,Yes,Yes,5/16/2013,2013,Exclude,5,Q2,Q2 2013,90025,2673.00,"34.04779, -118.44834",34.04779,-118.44834,1539,S,BELOIT,AVE,1539 S BELOIT AVE
15010-30000-01189,1,1 unit,No,Yes,11/5/2015,2015,Before,11,Q4,Q4 2015,90025,2672,"34.04806, -118.43143",34.04806,-118.43143,2001,S,SELBY,AVE,2001 S SELBY AVE
15010-30000-03410,1,1 unit,No,Yes,11/17/2016,2016,After,11,Q4,Q4 2016,90025,2672,"34.04807, -118.43979",34.04807,-118.43979,1819,S,VETERAN,AVE,1819 S VETERAN AVE
15010-30000-03409,1,1 unit,No,Yes,11/17/2016,2016,After,11,Q4,Q4 2016,90025,2672,"34.04807, -118.43979",34.04807,-118.43979,1819,S,VETERAN,AVE,1819 S VETERAN AVE
15010-30000-03411,1,1 unit,No,Yes,11/17/2016,2016,After,11,Q4,Q4 2016,90025,2672,,34.04814,-118.43948,1821,S,VETERAN,AVE,1821 S VETERAN AVE
15010-30000-03412,1,1 unit,No,Yes,11/17/2016,2016,After,11,Q4,Q4 2016,90025,2672,,34.04814,-118.43948,1821,S,VETERAN,AVE,1821 S VETERAN AVE
15010-10000-02565,26,20-49 units,No,Yes,7/22/2016,2016,After,7,Q3,Q3 2016,90025,2672.00,,34.048534,-118.438484,1819,S,KELTON,AVE,1819 S KELTON AVE
17010-20000-04861,19,5-19 units,No,Yes,6/21/2018,2018,Exclude,6,Q2,Q2 2018,90025,2672.00,"34.04855, -118.43747",34.04855,-118.43747,1827,S,MIDVALE,AVE,1827 S MIDVALE AVE
13010-20000-01095,9,5-19 units,No,Yes,3/7/2014,2014,Exclude,3,Q1,Q1 2014,90025,2655.20,"34.04857, -118.44367",34.04857,-118.44367,1644,S,BENTLEY,AVE,1644 S BENTLEY AVE
17010-10000-01890,18,5-19 units,No,Yes,2/22/2018,2018,After,2,Q1,Q1 2018,90025,2674.03,,34.048588,-118.45878,1265,S,BARRY,AVE,1265 S BARRY AVE
14010-30000-01430,8,5-19 units,No,Yes,4/21/2015,2015,Before,4,Q2,Q2 2015,90025,2672.00,"34.04888, -118.43182",34.04888,-118.43182,1936,S,SELBY,AVE,1936 S SELBY AVE
14010-30000-01431,8,5-19 units,No,Yes,4/7/2015,2015,Before,4,Q2,Q2 2015,90025,2672.00,"34.04902, -118.43433",34.04902,-118.43433,10815,W,MISSOURI,AVE,10815 W MISSOURI AVE
13010-10000-01163,8,5-19 units,No,Yes,4/4/2014,2014,Exclude,4,Q2,Q2 2014,90025,2672.00,"34.04908, -118.43113",34.04908,-118.43113,1945,S,OVERLAND,AVE,1945 S OVERLAND AVE
16010-20000-05146,16,5-19 units,No,Yes,4/26/2018,2018,After,4,Q2,Q2 2018,90025,2671.00,"34.0501, -118.43148",34.0501,-118.43148,1906,S,OVERLAND,AVE,1906 S OVERLAND AVE
16010-30000-05738,1,1 unit,No,Yes,6/1/2017,2017,After,6,Q2,Q2 2017,90025,2671,"34.05022, -118.42895",34.05022,-118.42895,1952,S,MANNING,AVE,1952 S MANNING AVE
16010-30000-05739,1,1 unit,No,Yes,6/1/2017,2017,After,6,Q2,Q2 2017,90025,2671,"34.05022, -118.42895",34.05022,-118.42895,1952,S,MANNING,AVE,1952 S MANNING AVE
16010-30001-05738,1,1 unit,No,Yes,2/7/2018,2018,After,2,Q1,Q1 2018,90025,2671.00,"34.05022, -118.42895",34.05022,-118.42895,1952,S,MANNING,AVE,1952 S MANNING AVE
16010-30001-05739,1,1 unit,No,Yes,2/7/2018,2018,After,2,Q1,Q1 2018,90025,2671.00,"34.05022, -118.42895",34.05022,-118.42895,1952,S,MANNING,AVE,1952 S MANNING AVE
16010-30000-05740,1,1 unit,No,Yes,6/1/2017,2017,After,6,Q2,Q2 2017,90025,2671.00,,34.050545,-118.42938,1954,S,MANNING,AVE,1954 S MANNING AVE
16010-30000-05741,1,1 unit,No,Yes,6/1/2017,2017,After,6,Q2,Q2 2017,90025,2671.00,,34.050545,-118.42938,1954,S,MANNING,AVE,1954 S MANNING AVE
16010-30001-05740,1,1 unit,No,Yes,2/7/2018,2018,After,2,Q1,Q1 2018,90025,2671.00,,34.050545,-118.42938,1954,S,MANNING,AVE,1954 S MANNING AVE
16010-30001-05741,1,1 unit,No,Yes,2/7/2018,2018,After,2,Q1,Q1 2018,90025,2671.00,,34.050545,-118.42938,1954,S,MANNING,AVE,1954 S MANNING AVE
17010-20000-00150,1,1 unit,No,Yes,5/19/2017,2017,After,5,Q2,Q2 2017,90025,2671.00,"34.05062, -118.42835",34.05062,-118.42835,1949,S,PARNELL,AVE,1949 S PARNELL AVE
15010-30000-04202,1,1 unit,No,Yes,3/31/2016,2016,Before,3,Q1,Q1 2016,90025,2671,"34.05074, -118.42502",34.05074,-118.42502,2034,S,THAYER,AVE,2034 S THAYER AVE
15010-30000-01086,1,1 unit,No,Yes,9/15/2015,2015,Before,9,Q3,Q3 2015,90025,2671,"34.05088, -118.42526",34.05088,-118.42526,2031,S,THAYER,AVE,2031 S THAYER AVE
13010-30000-00485,1,1 unit,No,Yes,6/17/2013,2013,Exclude,6,Q2,Q2 2013,90025,2671,"34.05092, -118.42413",34.05092,-118.42413,2071,S,HOLMBY,AVE,2071 S HOLMBY AVE
13010-30000-00768,8,5-19 units,No,Yes,6/10/2014,2014,Before,6,Q2,Q2 2014,90025,2655.20,"34.05133, -118.44604",34.05133,-118.44604,1424,S,BENTLEY,AVE,1424 S BENTLEY AVE
12010-20000-02650,6,5-19 units,No,Yes,3/15/2013,2013,Exclude,3,Q1,Q1 2013,90025,2671.00,"34.05151, -118.42183",34.05151,-118.42183,2131,S,BEVERLY GLEN,BLVD,2131 S BEVERLY GLEN BLVD
16010-10000-00613,1,1 unit,No,Yes,3/31/2016,2016,Before,3,Q1,Q1 2016,90025,2671,"34.05154, -118.42907",34.05154,-118.42907,1907,S,PARNELL,AVE,1907 S PARNELL AVE
17010-10000-01641,1,1 unit,No,Yes,10/18/2017,2017,After,10,Q4,Q4 2017,90025,2671,"34.05155, -118.42489",34.05155,-118.42489,2002,S,THAYER,AVE,2002 S THAYER AVE
14010-10000-02852,1,1 unit,No,Yes,2/26/2015,2015,Before,2,Q1,Q1 2015,90025,2671,"34.05156, -118.42602",34.05156,-118.42602,2010,S,FAIRBURN,AVE,2010 S FAIRBURN AVE
16010-10000-05516,1,1 unit,No,Yes,5/23/2018,2018,Exclude,5,Q2,Q2 2018,90025,2671,"34.05237, -118.42591",34.05237,-118.42591,1938,S,FAIRBURN,AVE,1938 S FAIRBURN AVE
17010-10000-03967,1,1 unit,No,Yes,10/3/2018,2018,Exclude,10,Q4,Q4 2018,90025,2671,"34.0526, -118.41863",34.0526,-118.41863,10357,W,CALVIN,AVE,10357 W CALVIN AVE
17010-30000-00524,1,1 unit,No,Yes,7/31/2018,2018,Exclude,7,Q3,Q3 2018,90025,2671,"34.05332, -118.41835",34.05332,-118.41835,10330,W,CALVIN,AVE,10330 W CALVIN AVE
15010-20000-04298,1,1 unit,No,Yes,5/23/2017,2017,After,5,Q2,Q2 2017,90025,2671.00,,34.053543,-118.42077,10372,W,MISSISSIPPI,AVE,10372 W MISSISSIPPI AVE
15010-30000-01182,1,1 unit,No,Yes,11/16/2016,2016,After,11,Q4,Q4 2016,90025,2671,"34.05356, -118.41753",34.05356,-118.41753,2125,S,FOX HILLS,DR,2125 S FOX HILLS DR
13010-30000-02398,1,1 unit,No,Yes,12/24/2013,2013,Exclude,12,Q4,Q4 2013,90025,2671,"34.0537, -118.42412",34.0537,-118.42412,1933,S,HOLMBY,AVE,1933 S HOLMBY AVE
13010-30000-04226,1,1 unit,No,Yes,3/13/2014,2014,Exclude,3,Q1,Q1 2014,90025,2671,"34.05373, -118.42512",34.05373,-118.42512,1912,S,THAYER,AVE,1912 S THAYER AVE
17010-20000-00980,1,1 unit,No,Yes,7/6/2017,2017,After,7,Q3,Q3 2017,90025,2671,"34.0539, -118.41968",34.0539,-118.41968,2053,S,KERWOOD,AVE,2053 S KERWOOD AVE
17010-30000-00789,1,1 unit,No,Yes,8/16/2018,2018,Exclude,8,Q3,Q3 2018,90025,2671,"34.05453, -118.42193",34.05453,-118.42193,1932,S,BENECIA,AVE,1932 S BENECIA AVE
15010-30000-02518,37,20-49 units,No,Yes,1/26/2017,2017,After,1,Q1,Q1 2017,90025,2671.00,"34.05456, -118.42769",34.05456,-118.42769,10534,W,SANTA MONICA,BLVD,10534 W SANTA MONICA BLVD
17010-20000-00123,1,1 unit,No,Yes,5/31/2017,2017,After,5,Q2,Q2 2017,90025,2671,"34.05463, -118.41813",34.05463,-118.41813,2054,S,FOX HILLS,DR,2054 S FOX HILLS DR
15010-10000-02773,1,1 unit,No,Yes,11/17/2017,2017,After,11,Q4,Q4 2017,90025,2671,"34.05495, -118.42404",34.05495,-118.42404,1864,S,PANDORA,AVE,1864 S PANDORA AVE
14010-10000-02207,4,2-4 units,No,Yes,4/27/2017,2017,After,4,Q2,Q2 2017,90025,2671.00,,34.055607,-118.424255,1839,S,PANDORA,AVE,1839 S PANDORA AVE
16010-20000-00874,1,1 unit,No,Yes,7/18/2017,2017,After,7,Q3,Q3 2017,90025,2671,"34.05567, -118.42409",34.05567,-118.42409,1834,S,PANDORA,AVE,1834 S PANDORA AVE
16010-20000-00872,1,1 unit,No,Yes,7/18/2017,2017,After,7,Q3,Q3 2017,90025,2671,"34.05567, -118.42409",34.05567,-118.42409,1834,S,PANDORA,AVE,1834 S PANDORA AVE
16010-20000-00875,1,1 unit,No,Yes,7/18/2017,2017,After,7,Q3,Q3 2017,90025,2671,"34.05567, -118.42409",34.05567,-118.42409,1834,S,PANDORA,AVE,1834 S PANDORA AVE
15010-10000-02775,1,1 unit,No,Yes,11/17/2017,2017,After,11,Q4,Q4 2017,90025,2671,,34.05573,-118.424255,1868,S,PANDORA,AVE,1868 S PANDORA AVE
15010-10000-02774,1,1 unit,No,Yes,11/17/2017,2017,After,11,Q4,Q4 2017,90025,2671,,34.055756,-118.42426,1866,S,PANDORA,AVE,1866 S PANDORA AVE
13010-10000-01804,9,5-19 units,No,Yes,12/22/2014,2014,Before,12,Q4,Q4 2014,90025,2671.00,"34.05646, -118.42425",34.05646,-118.42425,1810,S,PANDORA,AVE,1810 S PANDORA AVE
17010-30000-03667,1,1 unit,No,Yes,1/26/2018,2018,After,1,Q1,Q1 2018,90025,2671,"34.05656, -118.42012",34.05656,-118.42012,1925,S,FOX HILLS,DR,1925 S FOX HILLS DR
14010-30000-01427,1,1 unit,No,Yes,8/21/2014,2014,Before,8,Q3,Q3 2014,90025,2671,"34.05664, -118.42228",34.05664,-118.42228,1848,S,BENECIA,AVE,1848 S BENECIA AVE
14010-30000-01426,1,1 unit,No,Yes,8/21/2014,2014,Before,8,Q3,Q3 2014,90025,2671,"34.05676, -118.42231",34.05676,-118.42231,1846,S,BENECIA,AVE,1846 S BENECIA AVE
15010-20000-02509,1,1 unit,No,Yes,9/9/2015,2015,Before,9,Q3,Q3 2015,90025,2671,"34.05737, -118.42049",34.05737,-118.42049,1858,S,FOX HILLS,DR,1858 S FOX HILLS DR
13010-30000-00804,2,2-4 units,No,Yes,6/25/2013,2013,Exclude,6,Q2,Q2 2013,90025,2671.00,"34.05815, -118.42082",34.05815,-118.42082,10278,W,MISSOURI,AVE,10278 W MISSOURI AVE
14010-10000-02864,25,20-49 units,No,Yes,11/20/2015,2015,Before,11,Q4,Q4 2015,90034,2718.01,"34.01482, -118.41685",34.01482,-118.41685,3737,S,BENTLEY,AVE,3737 S BENTLEY AVE
15010-30000-00105,2,2-4 units,No,Yes,9/6/2017,2017,After,9,Q3,Q3 2017,90034,2718.02,"34.01603, -118.41379",34.01603,-118.41379,3748,S,GREENFIELD,AVE,3748 S GREENFIELD AVE
17010-10000-02808,1,1 unit,No,Yes,3/16/2018,2018,After,3,Q1,Q1 2018,90034,2718.01,,34.01623,-118.41514,3724,S,MILITARY,AVE,3724 S MILITARY AVE
17010-10000-00424,1,1 unit,No,Yes,9/18/2017,2017,After,9,Q3,Q3 2017,90034,2718.01,,34.017097,-118.417244,3652,S,TILDEN,AVE,3652 S TILDEN AVE
16010-30000-04839,1,1 unit,No,Yes,12/14/2016,2016,After,12,Q4,Q4 2016,90034,2718.01,"34.01725, -118.41652",34.01725,-118.41652,3639,S,LUY,ROAD,3639 S LUY ROAD
14010-70000-04112,4,2-4 units,No,Yes,5/11/2015,2015,Before,5,Q2,Q2 2015,90034,2718.02,"34.01728, -118.41368",34.01728,-118.41368,3716,S,VETERAN,AVE,3716 S VETERAN AVE
17010-20000-00302,5,5-19 units,No,Yes,7/23/2018,2018,Exclude,7,Q3,Q3 2018,90034,2718.02,"34.01739, -118.4127",34.01739,-118.4127,3726,S,KELTON,AVE,3726 S KELTON AVE
14010-20000-04146,13,5-19 units,No,Yes,3/23/2016,2016,Before,3,Q1,Q1 2016,90034,2718.02,"34.01743, -118.4117",34.01743,-118.4117,3743,S,MIDVALE,AVE,3743 S MIDVALE AVE
14010-30000-03761,16,5-19 units,No,Yes,11/9/2015,2015,Before,11,Q4,Q4 2015,90034,2718.02,,34.01766,-118.41304,3714,S,KELTON,AVE,3714 S KELTON AVE
17010-20000-02966,2,2-4 units,No,Yes,9/29/2017,2017,After,9,Q3,Q3 2017,90034,2718.02,"34.0196, -118.41444",34.0196,-118.41444,3612,S,KELTON,AVE,3612 S KELTON AVE
16010-10000-04086,6,5-19 units,No,Yes,5/25/2017,2017,After,5,Q2,Q2 2017,90034,2717.02,"34.02016, -118.42116",34.02016,-118.42116,3475,S,BENTLEY,AVE,3475 S BENTLEY AVE
14010-30000-03312,1,1 unit,No,Yes,1/20/2015,2015,Before,1,Q1,Q1 2015,90034,2717.02,"34.02181, -118.4202",34.02181,-118.4202,3435,S,MILITARY,AVE,3435 S MILITARY AVE
18010-10000-01360,1,1 unit,No,Yes,9/26/2018,2018,Exclude,9,Q3,Q3 2018,90034,2718.02,,34.021885,-118.412964,10812,W,TABOR,ST,10812 W TABOR ST
16010-10000-00599,1,1 unit,No,Yes,6/13/2016,2016,After,6,Q2,Q2 2016,90034,2718.02,"34.02216, -118.41221",34.02216,-118.41221,10764,W,TABOR,ST,10764 W TABOR ST
15010-10000-02247,92,50-99 units,Yes,Yes,1/19/2016,2016,Before,1,Q1,Q1 2016,90034,2699.03,"34.02231, -118.40953",34.02231,-118.40953,3644,S,OVERLAND,AVE,3644 S OVERLAND AVE
16010-20000-06282,10,5-19 units,No,Yes,12/27/2017,2017,After,12,Q4,Q4 2017,90034,2699.03,"34.02268, -118.40734",34.02268,-118.40734,3667,S,MENTONE,AVE,3667 S MENTONE AVE
16010-30000-01380,1,1 unit,No,Yes,1/5/2017,2017,After,1,Q1,Q1 2017,90034,2699.05,"34.02275, -118.40402",34.02275,-118.40402,3724,S,VINTON,AVE,3724 S VINTON AVE
16010-30000-01383,1,1 unit,No,Yes,1/5/2017,2017,After,1,Q1,Q1 2017,90034,2699.05,"34.02275, -118.40402",34.02275,-118.40402,3724,S,VINTON,AVE,3724 S VINTON AVE
16010-30000-01382,1,1 unit,No,Yes,1/5/2017,2017,After,1,Q1,Q1 2017,90034,2699.05,,34.02288,-118.40427,3728,S,VINTON,AVE,3728 S VINTON AVE
16010-30000-01385,1,1 unit,No,Yes,1/5/2017,2017,After,1,Q1,Q1 2017,90034,2699.05,,34.0229,-118.40428,3726,S,VINTON,AVE,3726 S VINTON AVE
16010-30000-01384,1,1 unit,No,Yes,1/5/2017,2017,After,1,Q1,Q1 2017,90034,2699.05,,34.0229,-118.40428,3726,S,VINTON,AVE,3726 S VINTON AVE
17010-30000-05113,10,5-19 units,No,Yes,7/2/2018,2018,Exclude,7,Q3,Q3 2018,90034,2699.03,"34.02304, -118.40879",34.02304,-118.40879,3632,S,KEYSTONE,AVE,3632 S KEYSTONE AVE
17010-30000-00847,1,1 unit,No,Yes,5/25/2017,2017,After,5,Q2,Q2 2017,90034,2717.01,"34.0231, -118.41885",34.0231,-118.41885,3421,S,VETERAN,AVE,3421 S VETERAN AVE
16010-20000-00695,1,1 unit,No,Yes,4/4/2016,2016,Before,4,Q2,Q2 2016,90034,2717.02,"34.02324, -118.42133",34.02324,-118.42133,3325,S,MILITARY,AVE,3325 S MILITARY AVE
15010-10000-02105,32,20-49 units,No,Yes,4/12/2016,2016,Before,4,Q2,Q2 2016,90034,2699.04,"34.02357, -118.41014",34.02357,-118.41014,10625,W,TABOR,ST,10625 W TABOR ST
16010-10000-00807,60,50-99 units,Yes,Yes,6/22/2017,2017,After,6,Q2,Q2 2017,90034,2699.04,"34.02383, -118.41069",34.02383,-118.41069,3550,S,OVERLAND,AVE,3550 S OVERLAND AVE
17010-20000-02513,14,5-19 units,No,Yes,12/14/2017,2017,After,12,Q4,Q4 2017,90034,2717.01,,34.02396,-118.41284,10757,W,PALMS,BLVD,10757 W PALMS BLVD
16010-20000-01377,17,5-19 units,No,Yes,4/5/2018,2018,After,4,Q2,Q2 2018,90034,2699.06,"34.02439, -118.40379",34.02439,-118.40379,3672,S,JASMINE,AVE,3672 S JASMINE AVE
14010-30000-01220,1,1 unit,No,Yes,6/20/2014,2014,Before,6,Q2,Q2 2014,90034,2717.01,"34.02477, -118.41858",34.02477,-118.41858,3316,S,KELTON,AVE,3316 S KELTON AVE
16010-10000-05770,8,5-19 units,No,Yes,5/24/2018,2018,Exclude,5,Q2,Q2 2018,90034,2699.06,"34.02527, -118.40381",34.02527,-118.40381,3643,S,EMPIRE,DR,3643 S EMPIRE DR
17010-30000-03424,1,1 unit,No,Yes,1/8/2018,2018,After,1,Q1,Q1 2018,90034,2717.01,,34.025303,-118.42156,3262,S,GREENFIELD,AVE,3262 S GREENFIELD AVE
15010-10000-00563,18,5-19 units,No,Yes,12/29/2016,2016,After,12,Q4,Q4 2016,90034,2699.06,"34.02532, -118.40161",34.02532,-118.40161,3675,S,DUNN,DR,3675 S DUNN DR
12010-10000-02468,1,1 unit,No,Yes,2/12/2013,2013,Exclude,2,Q1,Q1 2013,90034,2717.01,"34.02584, -118.42222",34.02584,-118.42222,3217,S,GREENFIELD,AVE,3217 S GREENFIELD AVE
12010-10000-02467,1,1 unit,No,Yes,2/12/2013,2013,Exclude,2,Q1,Q1 2013,90034,2717.01,"34.02591, -118.42219",34.02591,-118.42219,3215,S,GREENFIELD,AVE,3215 S GREENFIELD AVE
12010-10000-02794,1,1 unit,No,Yes,12/20/2013,2013,Exclude,12,Q4,Q4 2013,90034,2701,,34.026443,-118.39715,3730,S,CARDIFF,AVE,3730 S CARDIFF AVE
12010-10000-02793,1,1 unit,No,Yes,12/20/2013,2013,Exclude,12,Q4,Q4 2013,90034,2701,"34.02645, -118.39699",34.02645,-118.39699,3728,S,CARDIFF,AVE,3728 S CARDIFF AVE
12010-10000-02791,1,1 unit,No,Yes,12/20/2013,2013,Exclude,12,Q4,Q4 2013,90034,2701,,34.026478,-118.39717,3728,S,CARDIFF,AVE,3728 S CARDIFF AVE
17010-10000-00801,1,1 unit,No,Yes,8/30/2018,2018,Exclude,8,Q3,Q3 2018,90034,2717.01,"34.0266, -118.42274",34.0266,-118.42274,3135,S,GREENFIELD,AVE,3135 S GREENFIELD AVE
14010-30000-02857,1,1 unit,No,Yes,12/29/2014,2014,Before,12,Q4,Q4 2014,90034,2717.01,"34.02682, -118.42263",34.02682,-118.42263,3126,S,GREENFIELD,AVE,3126 S GREENFIELD AVE
17010-10000-00070,29,20-49 units,No,Yes,7/2/2018,2018,Exclude,7,Q3,Q3 2018,90034,2699.06,"34.02683, -118.4024",34.02683,-118.4024,3618,S,DUNN,DR,3618 S DUNN DR
13010-10000-02249,27,20-49 units,No,Yes,1/23/2014,2014,Exclude,1,Q1,Q1 2014,90034,2699.06,"34.02695, -118.40178",34.02695,-118.40178,3627,S,HUGHES,AVE,3627 S HUGHES AVE
17010-10000-00480,1,1 unit,No,Yes,8/1/2017,2017,After,8,Q3,Q3 2017,90034,2717.01,"34.02702, -118.42158",34.02702,-118.42158,3142,S,VETERAN,AVE,3142 S VETERAN AVE
17010-30000-01966,1,1 unit,No,Yes,6/26/2017,2017,After,6,Q2,Q2 2017,90034,2717.01,"34.02713, -118.41749",34.02713,-118.41749,3272,S,GLENDON,AVE,3272 S GLENDON AVE
18010-30000-00448,1,1 unit,No,Yes,6/1/2018,2018,Exclude,6,Q2,Q2 2018,90034,2717.01,,34.02747,-118.42328,3118,S,GREENFIELD,AVE,3118 S GREENFIELD AVE
16010-20000-04883,1,1 unit,No,Yes,2/6/2017,2017,After,2,Q1,Q1 2017,90034,2717.01,"34.02752, -118.42345",34.02752,-118.42345,3047,S,GREENFIELD,AVE,3047 S GREENFIELD AVE
12010-10000-00576,1,1 unit,No,Yes,5/6/2013,2013,Exclude,5,Q2,Q2 2013,90034,2717.01,"34.02753, -118.41781",34.02753,-118.41781,3254,S,GLENDON,AVE,3254 S GLENDON AVE
17010-30000-03141,2,2-4 units,No,Yes,2/20/2018,2018,After,2,Q1,Q1 2018,90034,2701.00,,34.027596,-118.40057,9821,W,HANNUM,DR,9821 W HANNUM DR
13010-70000-01086,1,1 unit,No,Yes,7/10/2014,2014,Before,7,Q3,Q3 2014,90034,2717.01,"34.02796, -118.41997",34.02796,-118.41997,3142,S,MIDVALE,AVE,3142 S MIDVALE AVE
15010-20000-00556,10,5-19 units,No,Yes,11/23/2015,2015,Before,11,Q4,Q4 2015,90034,2701.00,"34.02828, -118.39855",34.02828,-118.39855,3615,S,CARDIFF,AVE,3615 S CARDIFF AVE
17010-30000-04108,15,5-19 units,No,Yes,8/13/2018,2018,Exclude,8,Q3,Q3 2018,90034,2699.04,"34.02849, -118.4115",34.02849,-118.4115,3308,S,MENTONE,AVE,3308 S MENTONE AVE
16010-10000-05744,9,5-19 units,No,Yes,10/1/2018,2018,Exclude,10,Q4,Q4 2018,90034,2699.07,,34.028652,-118.40774,10231,W,WOODBINE,ST,10231 W WOODBINE ST
13010-10000-00629,1,1 unit,No,Yes,12/20/2013,2013,Exclude,12,Q4,Q4 2013,90034,2717.01,"34.02917, -118.42206",34.02917,-118.42206,3026,S,KELTON,AVE,3026 S KELTON AVE
15010-30000-04065,1,1 unit,No,Yes,12/23/2015,2015,Before,12,Q4,Q4 2015,90034,2717.01,"34.02927, -118.41712",34.02927,-118.41712,3203,S,SELBY,AVE,3203 S SELBY AVE
16010-10000-04368,1,1 unit,No,Yes,11/14/2016,2016,After,11,Q4,Q4 2016,90034,2717.01,"34.02931, -118.42244",34.02931,-118.42244,3017,S,KELTON,AVE,3017 S KELTON AVE
13010-30000-00066,1,1 unit,No,Yes,3/21/2013,2013,Exclude,3,Q1,Q1 2013,90034,2717.01,"34.02947, -118.42117",34.02947,-118.42117,3024,S,MIDVALE,AVE,3024 S MIDVALE AVE
16010-10000-06437,1,1 unit,No,Yes,11/22/2017,2017,After,11,Q4,Q4 2017,90034,2698.00,"34.03028, -118.39753",34.03028,-118.39753,3335,S,OAKHURST,AVE,3335 S OAKHURST AVE
16010-20000-05737,3,2-4 units,No,Yes,8/2/2018,2018,Exclude,8,Q3,Q3 2018,90034,2698.00,"34.03099, -118.39465",34.03099,-118.39465,3300,S,CANFIELD,AVE,3300 S CANFIELD AVE
15010-30000-03501,1,1 unit,No,Yes,1/9/2017,2017,After,1,Q1,Q1 2017,90034,2698,"34.03103, -118.39395",34.03103,-118.39395,9218,W,NATIONAL,BLVD,9218 W NATIONAL BLVD
13010-10000-01645,1,1 unit,No,Yes,4/16/2014,2014,Exclude,4,Q2,Q2 2014,90034,2702,"34.03128, -118.38053",34.03128,-118.38053,3264,S,FAY,AVE,3264 S FAY AVE
13010-10000-01647,1,1 unit,No,Yes,4/16/2014,2014,Exclude,4,Q2,Q2 2014,90034,2702,"34.03128, -118.38053",34.03128,-118.38053,3264,S,FAY,AVE,3264 S FAY AVE
13010-10000-01643,1,1 unit,No,Yes,4/16/2014,2014,Exclude,4,Q2,Q2 2014,90034,2702,"34.03128, -118.38053",34.03128,-118.38053,3264,S,FAY,AVE,3264 S FAY AVE
15010-30000-03507,1,1 unit,No,Yes,1/9/2017,2017,After,1,Q1,Q1 2017,90034,2698,,34.0313,-118.39372,9224,W,NATIONAL,BLVD,9224 W NATIONAL BLVD
15010-30000-03505,1,1 unit,No,Yes,1/9/2017,2017,After,1,Q1,Q1 2017,90034,2698,,34.0313,-118.393654,9218,W,NATIONAL,BLVD,9218 W NATIONAL BLVD
15010-30000-03504,1,1 unit,No,Yes,1/9/2017,2017,After,1,Q1,Q1 2017,90034,2698,,34.0313,-118.393654,9218,W,NATIONAL,BLVD,9218 W NATIONAL BLVD
15010-30000-03506,1,1 unit,No,Yes,1/9/2017,2017,After,1,Q1,Q1 2017,90034,2698,,34.0313,-118.39372,9224,W,NATIONAL,BLVD,9224 W NATIONAL BLVD
15010-30000-03508,1,1 unit,No,Yes,1/9/2017,2017,After,1,Q1,Q1 2017,90034,2698,,34.0313,-118.39372,9224,W,NATIONAL,BLVD,9224 W NATIONAL BLVD
15010-30000-03510,1,1 unit,No,Yes,1/9/2017,2017,After,1,Q1,Q1 2017,90034,2698,,34.0313,-118.39372,9224,W,NATIONAL,BLVD,9224 W NATIONAL BLVD
15010-30000-03503,1,1 unit,No,Yes,1/9/2017,2017,After,1,Q1,Q1 2017,90034,2698,,34.0313,-118.393654,9218,W,NATIONAL,BLVD,9218 W NATIONAL BLVD
15010-30000-03509,1,1 unit,No,Yes,1/9/2017,2017,After,1,Q1,Q1 2017,90034,2698,,34.0313,-118.39372,9224,W,NATIONAL,BLVD,9224 W NATIONAL BLVD
15010-30000-03502,1,1 unit,No,Yes,1/9/2017,2017,After,1,Q1,Q1 2017,90034,2698,,34.0313,-118.393654,9218,W,NATIONAL,BLVD,9218 W NATIONAL BLVD
16010-20000-01218,1,1 unit,No,Yes,12/29/2016,2016,After,12,Q4,Q4 2016,90034,2702,,34.031364,-118.38764,3136,S,IVY,ST,3136 S IVY ST
13010-10000-01646,1,1 unit,No,Yes,4/16/2014,2014,Exclude,4,Q2,Q2 2014,90034,2702,"34.03146, -118.38061",34.03146,-118.38061,3260,S,FAY,AVE,3260 S FAY AVE
13010-10000-01644,1,1 unit,No,Yes,4/16/2014,2014,Exclude,4,Q2,Q2 2014,90034,2702,"34.03146, -118.38061",34.03146,-118.38061,3260,S,FAY,AVE,3260 S FAY AVE
13010-10000-01642,1,1 unit,No,Yes,4/16/2014,2014,Exclude,4,Q2,Q2 2014,90034,2702,"34.03146, -118.38061",34.03146,-118.38061,3260,S,FAY,AVE,3260 S FAY AVE
16010-20000-01216,1,1 unit,No,Yes,12/29/2016,2016,After,12,Q4,Q4 2016,90034,2702,"34.0315, -118.38763",34.0315,-118.38763,3134,S,IVY,ST,3134 S IVY ST
17010-30000-04530,1,1 unit,No,Yes,4/23/2018,2018,After,4,Q2,Q2 2018,90034,2702,"34.03163, -118.37966",34.03163,-118.37966,3236,S,MCMANUS,AVE,3236 S MCMANUS AVE
17010-30000-04531,1,1 unit,No,Yes,4/23/2018,2018,After,4,Q2,Q2 2018,90034,2702.00,,34.031734,-118.379814,3234,S,MCMANUS,AVE,3234 S MCMANUS AVE
15010-10000-00529,2,2-4 units,No,Yes,6/5/2015,2015,Before,6,Q2,Q2 2015,90034,2702.00,"34.03184, -118.38333",34.03184,-118.38333,8740,W,VENICE,BLVD,8740 W VENICE BLVD
15010-10000-00528,2,2-4 units,No,Yes,6/5/2015,2015,Before,6,Q2,Q2 2015,90034,2702.00,"34.03189, -118.38324",34.03189,-118.38324,8736,W,VENICE,BLVD,8736 W VENICE BLVD
15010-10000-00526,2,2-4 units,No,Yes,6/5/2015,2015,Before,6,Q2,Q2 2015,90034,2702.00,"34.0319, -118.38308",34.0319,-118.38308,3203,S,SHERBOURNE,DR,3203 S SHERBOURNE DR
15010-10000-00530,2,2-4 units,No,Yes,6/5/2015,2015,Before,6,Q2,Q2 2015,90034,2702.00,"34.0319, -118.3832",34.0319,-118.3832,8732,S,VENICE,BLVD,8732 S VENICE BLVD
13010-10000-01701,1,1 unit,No,Yes,10/11/2013,2013,Exclude,10,Q4,Q4 2013,90034,2702.00,"34.03203, -118.38122",34.03203,-118.38122,3235,S,FAY,AVE,3235 S FAY AVE
13010-10000-01700,1,1 unit,No,Yes,10/11/2013,2013,Exclude,10,Q4,Q4 2013,90034,2702.00,"34.03205, -118.38113",34.03205,-118.38113,3233,S,FAY,AVE,3233 S FAY AVE
13010-10000-01007,1,1 unit,No,Yes,6/5/2013,2013,Exclude,6,Q2,Q2 2013,90034,2702.00,"34.03241, -118.38198",34.03241,-118.38198,3208,S,CATTARAUGUS,AVE,3208 S CATTARAUGUS AVE
16010-10000-05440,1,1 unit,No,Yes,7/14/2017,2017,After,7,Q3,Q3 2017,90034,2702,"34.03244, -118.37656",34.03244,-118.37656,6075,W,HARGIS,ST,6075 W HARGIS ST
16010-10000-05438,1,1 unit,No,Yes,7/14/2017,2017,After,7,Q3,Q3 2017,90034,2702,"34.03244, -118.37656",34.03244,-118.37656,6075,W,HARGIS,ST,6075 W HARGIS ST
16010-10000-05439,1,1 unit,No,Yes,7/14/2017,2017,After,7,Q3,Q3 2017,90034,2702,"34.03244, -118.37656",34.03244,-118.37656,6075,W,HARGIS,ST,6075 W HARGIS ST
17010-30000-01730,1,1 unit,No,Yes,1/25/2018,2018,After,1,Q1,Q1 2018,90034,2702,"34.03244, -118.38642",34.03244,-118.38642,3129,S,HELMS,AVE,3129 S HELMS AVE
17010-30000-01729,1,1 unit,No,Yes,1/25/2018,2018,After,1,Q1,Q1 2018,90034,2702,"34.03244, -118.38642",34.03244,-118.38642,3129,S,HELMS,AVE,3129 S HELMS AVE
15010-30000-01532,1,1 unit,No,Yes,4/24/2018,2018,After,4,Q2,Q2 2018,90034,2702,"34.03247, -118.38154",34.03247,-118.38154,8271,W,ARIA,DR,8271 W ARIA DR
15010-30000-01533,1,1 unit,No,Yes,4/24/2018,2018,After,4,Q2,Q2 2018,90034,2702,"34.03248, -118.38134",34.03248,-118.38134,8268,W,ARIA,DR,8268 W ARIA DR
15010-30000-01534,1,1 unit,No,Yes,4/24/2018,2018,After,4,Q2,Q2 2018,90034,2702,"34.03252, -118.38153",34.03252,-118.38153,8269,W,ARIA,DR,8269 W ARIA DR
17010-10000-05019,2,2-4 units,No,Yes,5/2/2018,2018,After,5,Q2,Q2 2018,90034,2690.00,"34.03253, -118.40133",34.03253,-118.40133,3251,S,SHELBY,DR,3251 S SHELBY DR
15010-30000-01535,1,1 unit,No,Yes,4/24/2018,2018,After,4,Q2,Q2 2018,90034,2702,"34.0326, -118.38151",34.0326,-118.38151,8267,W,ARIA,DR,8267 W ARIA DR
15010-20000-02835,2,2-4 units,No,Yes,10/19/2015,2015,Before,10,Q4,Q4 2015,90034,2702.00,"34.03285, -118.37898",34.03285,-118.37898,8512,W,HARGIS,ST,8512 W HARGIS ST
17010-30000-02990,1,1 unit,No,Yes,8/31/2017,2017,After,8,Q3,Q3 2017,90034,2690,"34.03294, -118.40116",34.03294,-118.40116,3239,S,SHELBY,DR,3239 S SHELBY DR
15010-10000-03445,1,1 unit,No,Yes,3/2/2016,2016,Before,3,Q1,Q1 2016,90034,2702,"34.03296, -118.38323",34.03296,-118.38323,8714,S,CATTARAUGUS,AVE,8714 S CATTARAUGUS AVE
15010-10000-03446,1,1 unit,No,Yes,3/2/2016,2016,Before,3,Q1,Q1 2016,90034,2702,"34.03296, -118.38323",34.03296,-118.38323,8714,S,CATTARAUGUS,AVE,8714 S CATTARAUGUS AVE
15010-10000-03447,1,1 unit,No,Yes,3/2/2016,2016,Before,3,Q1,Q1 2016,90034,2702,"34.03296, -118.38323",34.03296,-118.38323,8714,S,CATTARAUGUS,AVE,8714 S CATTARAUGUS AVE
15010-10000-03448,1,1 unit,No,Yes,3/2/2016,2016,Before,3,Q1,Q1 2016,90034,2702,"34.03296, -118.38323",34.03296,-118.38323,8714,S,CATTARAUGUS,AVE,8714 S CATTARAUGUS AVE
15010-10000-03451,1,1 unit,No,Yes,3/2/2016,2016,Before,3,Q1,Q1 2016,90034,2702,"34.03296, -118.38323",34.03296,-118.38323,8714,S,CATTARAUGUS,AVE,8714 S CATTARAUGUS AVE
15010-10000-03450,1,1 unit,No,Yes,3/2/2016,2016,Before,3,Q1,Q1 2016,90034,2702,"34.03296, -118.38323",34.03296,-118.38323,8714,S,CATTARAUGUS,AVE,8714 S CATTARAUGUS AVE
15010-10000-03452,1,1 unit,No,Yes,3/2/2016,2016,Before,3,Q1,Q1 2016,90034,2702,"34.03296, -118.38323",34.03296,-118.38323,8714,S,CATTARAUGUS,AVE,8714 S CATTARAUGUS AVE
15010-10000-03449,1,1 unit,No,Yes,3/2/2016,2016,Before,3,Q1,Q1 2016,90034,2702,"34.03296, -118.38323",34.03296,-118.38323,8714,S,CATTARAUGUS,AVE,8714 S CATTARAUGUS AVE
17010-20000-01007,1,1 unit,No,Yes,5/24/2017,2017,After,5,Q2,Q2 2017,90034,2702.00,"34.0332, -118.38584",34.0332,-118.38584,3113,S,HUTCHISON,AVE,3113 S HUTCHISON AVE
16010-70000-00217,1,1 unit,No,Yes,6/21/2016,2016,After,6,Q2,Q2 2016,90034,2702,"34.03329, -118.37956",34.03329,-118.37956,8533,W,HARGIS,ST,8533 W HARGIS ST
16010-70000-00218,1,1 unit,No,Yes,6/21/2016,2016,After,6,Q2,Q2 2016,90034,2702.00,"34.0333, -118.37959",34.0333,-118.37959,8535,W,HARGIS,ST,8535 W HARGIS ST
17016-20000-13183,1,1 unit,No,Yes,10/11/2017,2017,After,10,Q4,Q4 2017,90034,2698.00,,34.03412,-118.39479,3038,S,BAGLEY,AVE,3038 S BAGLEY AVE
16010-20000-01438,1,1 unit,No,Yes,8/19/2016,2016,After,8,Q3,Q3 2016,90034,2698,"34.03438, -118.39652",34.03438,-118.39652,3028,S,CARDIFF,AVE,3028 S CARDIFF AVE
15010-70000-04205,2,2-4 units,No,Yes,5/19/2016,2016,Before,5,Q2,Q2 2016,90034,2702.00,"34.03452, -118.37131",34.03452,-118.37131,5821,W,DAVID,AVE,5821 W DAVID AVE
15010-70000-04204,1,1 unit,No,Yes,5/19/2016,2016,Before,5,Q2,Q2 2016,90034,2702.00,"34.03457, -118.37139",34.03457,-118.37139,5823,W,DAVID,AVE,5823 W DAVID AVE
13010-20000-03137,6,5-19 units,No,Yes,8/7/2014,2014,Before,8,Q3,Q3 2014,90034,2702.00,"34.0348, -118.38263",34.0348,-118.38263,8708,W,OLIN,ST,8708 W OLIN ST
16010-70000-04624,1,1 unit,No,Yes,3/16/2017,2017,After,3,Q1,Q1 2017,90034,2702,"34.03487, -118.37324",34.03487,-118.37324,5861,W,ERNEST,AVE,5861 W ERNEST AVE
16010-70000-04625,2,2-4 units,No,Yes,3/16/2017,2017,After,3,Q1,Q1 2017,90034,2702.00,"34.03491, -118.37334",34.03491,-118.37334,5863,W,ERNEST,AVE,5863 W ERNEST AVE
18010-20000-01710,1,1 unit,No,Yes,7/31/2018,2018,Exclude,7,Q3,Q3 2018,90034,2690,"34.03498, -118.39855",34.03498,-118.39855,3029,S,CASTLE HEIGHTS,AVE,3029 S CASTLE HEIGHTS AVE
16010-20000-01055,3,2-4 units,No,Yes,12/12/2017,2017,After,12,Q4,Q4 2017,90034,2702.00,"34.03508, -118.37259",34.03508,-118.37259,5862,W,DAVID,AVE,5862 W DAVID AVE
14010-70000-02694,2,2-4 units,No,Yes,1/21/2015,2015,Before,1,Q1,Q1 2015,90034,2702.00,"34.03542, -118.37928",34.03542,-118.37928,2616,S,CHARITON,ST,2616 S CHARITON ST
14010-70000-02693,2,2-4 units,No,Yes,1/21/2015,2015,Before,1,Q1,Q1 2015,90034,2702.00,"34.0355, -118.37924",34.0355,-118.37924,2614,S,CHARITON,ST,2614 S CHARITON ST
17010-20000-03132,1,1 unit,No,Yes,11/7/2017,2017,After,11,Q4,Q4 2017,90034,2697,"34.03633, -118.38758",34.03633,-118.38758,8933,W,OLIN,ST,8933 W OLIN ST
16010-20000-06375,1,1 unit,No,Yes,8/22/2017,2017,After,8,Q3,Q3 2017,90034,2695,"34.03679, -118.39218",34.03679,-118.39218,2819,S,CANFIELD,AVE,2819 S CANFIELD AVE
15010-30000-03455,1,1 unit,No,Yes,4/29/2016,2016,Before,4,Q2,Q2 2016,90034,2697.00,,34.037224,-118.38766,8963,W,GIBSON,ST,8963 W GIBSON ST
17010-20000-03711,1,1 unit,No,Yes,2/5/2018,2018,After,2,Q1,Q1 2018,90034,2697.00,,34.037266,-118.38372,8812,W,BEVERLYWOOD,ST,8812 W BEVERLYWOOD ST
15010-30000-03454,1,1 unit,No,Yes,4/29/2016,2016,Before,4,Q2,Q2 2016,90034,2697.00,"34.03739, -118.38804",34.03739,-118.38804,8961,W,GIBSON,ST,8961 W GIBSON ST
17010-20000-04913,1,1 unit,No,Yes,6/7/2018,2018,Exclude,6,Q2,Q2 2018,90034,2697,"34.03788, -118.391",34.03788,-118.391,9124,W,GIBSON,ST,9124 W GIBSON ST
18010-10000-02426,1,1 unit,No,Yes,8/28/2018,2018,Exclude,8,Q3,Q3 2018,90034,2695,"34.03818, -118.39709",34.03818,-118.39709,2726,S,CASTLE HEIGHTS,PL,2726 S CASTLE HEIGHTS PL
14010-10000-01128,3,2-4 units,No,Yes,4/21/2015,2015,Before,4,Q2,Q2 2015,90034,2696.01,"34.03928, -118.37975",34.03928,-118.37975,2053,S,GARTH,AVE,2053 S GARTH AVE
17010-20000-03834,1,1 unit,No,Yes,3/12/2018,2018,After,3,Q1,Q1 2018,90034,2697,"34.03984, -118.38929",34.03984,-118.38929,9036,W,24TH,ST,9036 W 24TH ST
15010-20000-03103,1,1 unit,No,Yes,11/24/2015,2015,Before,11,Q4,Q4 2015,90034,2703,"34.04004, -118.37194",34.04004,-118.37194,1952,S,TUDOR,LANE,1952 S TUDOR LANE
15010-20000-03100,1,1 unit,No,Yes,11/24/2015,2015,Before,11,Q4,Q4 2015,90034,2703,"34.04007, -118.37211",34.04007,-118.37211,1956,S,TUDOR,LANE,1956 S TUDOR LANE
15010-20000-03099,1,1 unit,No,Yes,11/24/2015,2015,Before,11,Q4,Q4 2015,90034,2703,"34.04009, -118.37222",34.04009,-118.37222,1960,S,TUDOR,LANE,1960 S TUDOR LANE
15010-20000-03104,1,1 unit,No,Yes,11/24/2015,2015,Before,11,Q4,Q4 2015,90034,2703,"34.04012, -118.3718",34.04012,-118.3718,1948,S,TUDOR,LANE,1948 S TUDOR LANE
15010-20000-03097,1,1 unit,No,Yes,11/24/2015,2015,Before,11,Q4,Q4 2015,90034,2703,"34.04013, -118.37244",34.04013,-118.37244,1964,S,TUDOR,LANE,1964 S TUDOR LANE
15010-20000-03090,1,1 unit,No,Yes,11/24/2015,2015,Before,11,Q4,Q4 2015,90034,2703,"34.04013, -118.3729",34.04013,-118.3729,1965,S,BRIAR ROSE,LANE,1965 S BRIAR ROSE LANE
15010-20000-03091,1,1 unit,No,Yes,11/24/2015,2015,Before,11,Q4,Q4 2015,90034,2703,"34.04015, -118.37255",34.04015,-118.37255,1968,S,TUDOR,LANE,1968 S TUDOR LANE
12010-10000-02671,1,1 unit,No,Yes,1/17/2013,2013,Exclude,1,Q1,Q1 2013,90034,2695,"34.04015, -118.39204",34.04015,-118.39204,2406,S,BAGLEY,AVE,2406 S BAGLEY AVE
15010-20000-03105,1,1 unit,No,Yes,11/24/2015,2015,Before,11,Q4,Q4 2015,90034,2703,"34.04017, -118.37169",34.04017,-118.37169,1944,S,TUDOR,LANE,1944 S TUDOR LANE
15010-20000-03113,1,1 unit,No,Yes,12/1/2015,2015,Before,12,Q4,Q4 2015,90034,2703,"34.04024, -118.37156",34.04024,-118.37156,1940,S,TUDOR,LANE,1940 S TUDOR LANE
15010-20000-03089,1,1 unit,No,Yes,11/24/2015,2015,Before,11,Q4,Q4 2015,90034,2703.00,"34.04026, -118.37286",34.04026,-118.37286,1959,S,BRIAR ROSE,LANE,1959 S BRIAR ROSE LANE
15010-20000-03114,1,1 unit,No,Yes,12/1/2015,2015,Before,12,Q4,Q4 2015,90034,2703,"34.04032, -118.37142",34.04032,-118.37142,1936,S,TUDOR,LANE,1936 S TUDOR LANE
15010-20000-03106,1,1 unit,No,Yes,12/1/2015,2015,Before,12,Q4,Q4 2015,90034,2703,"34.04035, -118.372",34.04035,-118.372,1945,S,COVINGTON,LANE,1945 S COVINGTON LANE
15010-30000-03349,1,1 unit,No,Yes,11/25/2015,2015,Before,11,Q4,Q4 2015,90034,2695,"34.04037, -118.39596",34.04037,-118.39596,9603,W,BEVERLYWOOD,ST,9603 W BEVERLYWOOD ST
15010-20000-03115,1,1 unit,No,Yes,12/1/2015,2015,Before,12,Q4,Q4 2015,90034,2703,"34.0404, -118.37129",34.0404,-118.37129,1932,S,TUDOR,LANE,1932 S TUDOR LANE
15010-20000-03119,1,1 unit,No,Yes,12/1/2015,2015,Before,12,Q4,Q4 2015,90034,2703,"34.04046, -118.37117",34.04046,-118.37117,1928,S,TUDOR,LANE,1928 S TUDOR LANE
18010-30000-00048,1,1 unit,No,Yes,4/30/2018,2018,After,4,Q2,Q2 2018,90034,2695,"34.04046, -118.39551",34.04046,-118.39551,2439,S,BEVERLY,DR,2439 S BEVERLY DR
15010-20000-03108,1,1 unit,No,Yes,12/1/2015,2015,Before,12,Q4,Q4 2015,90034,2703,"34.04049, -118.37196",34.04049,-118.37196,1939,S,COVINGTON,LANE,1939 S COVINGTON LANE
15010-20000-03117,1,1 unit,No,Yes,12/1/2015,2015,Before,12,Q4,Q4 2015,90034,2703,"34.04056, -118.37101",34.04056,-118.37101,1924,S,TUDOR,LANE,1924 S TUDOR LANE
15010-20000-03116,1,1 unit,No,Yes,12/1/2015,2015,Before,12,Q4,Q4 2015,90034,2703,"34.04058, -118.37143",34.04058,-118.37143,1933,S,TUDOR,LANE,1933 S TUDOR LANE
15010-20000-03110,1,1 unit,No,Yes,12/1/2015,2015,Before,12,Q4,Q4 2015,90034,2703,"34.04061, -118.37192",34.04061,-118.37192,1933,S,COVINGTON,LANE,1933 S COVINGTON LANE
15010-20000-04419,1,1 unit,No,Yes,2/10/2016,2016,Before,2,Q1,Q1 2016,90034,2703,"34.04063, -118.37088",34.04063,-118.37088,1920,S,TUDOR,LANE,1920 S TUDOR LANE
15010-20000-03123,1,1 unit,No,Yes,12/1/2015,2015,Before,12,Q4,Q4 2015,90034,2703,"34.04064, -118.37132",34.04064,-118.37132,1929,S,TUDOR,LANE,1929 S TUDOR LANE
16010-10000-05252,4,2-4 units,No,Yes,1/5/2018,2018,After,1,Q1,Q1 2018,90034,2696.01,"34.04064, -118.38019",34.04064,-118.38019,2006,S,CORNING,ST,2006 S CORNING ST
15010-20000-04399,1,1 unit,No,Yes,2/10/2016,2016,Before,2,Q1,Q1 2016,90034,2703,"34.04071, -118.37074",34.04071,-118.37074,1916,S,TUDOR,LANE,1916 S TUDOR LANE
15010-20000-03111,1,1 unit,No,Yes,12/1/2015,2015,Before,12,Q4,Q4 2015,90034,2703,"34.04071, -118.37189",34.04071,-118.37189,1927,S,COVINGTON,LANE,1927 S COVINGTON LANE
15010-20000-03125,1,1 unit,No,Yes,12/1/2015,2015,Before,12,Q4,Q4 2015,90034,2703,"34.04074, -118.37113",34.04074,-118.37113,1925,S,TUDOR,LANE,1925 S TUDOR LANE
15010-20000-04425,1,1 unit,No,Yes,2/10/2016,2016,Before,2,Q1,Q1 2016,90034,2703,"34.04078, -118.37061",34.04078,-118.37061,1912,S,TUDOR,LANE,1912 S TUDOR LANE
15010-20000-04398,1,1 unit,No,Yes,2/10/2016,2016,Before,2,Q1,Q1 2016,90034,2703,"34.04081, -118.37102",34.04081,-118.37102,1921,S,TUDOR,LANE,1921 S TUDOR LANE
14010-20000-01709,1,1 unit,No,Yes,7/2/2014,2014,Before,7,Q3,Q3 2014,90034,2703,"34.04083, -118.37462",34.04083,-118.37462,1949,S,STEARNS,DR,1949 S STEARNS DR
17010-20000-03445,1,1 unit,No,Yes,11/17/2017,2017,After,11,Q4,Q4 2017,90034,2695,"34.04083, -118.39832",34.04083,-118.39832,2500,S,BEVERWIL,DR,2500 S BEVERWIL DR
15010-20000-04397,1,1 unit,No,Yes,2/10/2016,2016,Before,2,Q1,Q1 2016,90034,2703,"34.04085, -118.37056",34.04085,-118.37056,1908,S,TUDOR,LANE,1908 S TUDOR LANE
15010-20000-04394,1,1 unit,No,Yes,2/10/2016,2016,Before,2,Q1,Q1 2016,90034,2703,"34.04086, -118.37184",34.04086,-118.37184,1921,S,COVINGTON,LANE,1921 S COVINGTON LANE
15010-20000-04418,1,1 unit,No,Yes,2/10/2016,2016,Before,2,Q1,Q1 2016,90034,2703,"34.04089, -118.37089",34.04089,-118.37089,1915,S,TUDOR,LANE,1915 S TUDOR LANE
15010-20000-04417,1,1 unit,No,Yes,2/10/2016,2016,Before,2,Q1,Q1 2016,90034,2703,"34.04094, -118.37054",34.04094,-118.37054,5921,W,SPELTHORNE,LANE,5921 W SPELTHORNE LANE
15010-20000-04423,1,1 unit,No,Yes,2/10/2016,2016,Before,2,Q1,Q1 2016,90034,2703,"34.041, -118.37118",34.041,-118.37118,5938,W,SPELTHORNE,LANE,5938 W SPELTHORNE LANE
15010-20000-04424,1,1 unit,No,Yes,2/10/2016,2016,Before,2,Q1,Q1 2016,90034,2703,"34.04101, -118.3718",34.04101,-118.3718,1915,S,COVINGTON,LANE,1915 S COVINGTON LANE
15010-20000-04422,1,1 unit,No,Yes,2/10/2016,2016,Before,2,Q1,Q1 2016,90034,2703,"34.04103, -118.37056",34.04103,-118.37056,5925,W,SPELTHORNE,LANE,5925 W SPELTHORNE LANE
17010-20000-00466,1,1 unit,No,Yes,1/22/2018,2018,After,1,Q1,Q1 2018,90034,2695,"34.04106, -118.39209",34.04106,-118.39209,2303,S,BAGLEY,AVE,2303 S BAGLEY AVE
15010-20000-04421,1,1 unit,No,Yes,2/10/2016,2016,Before,2,Q1,Q1 2016,90034,2703,"34.04112, -118.37065",34.04112,-118.37065,5929,W,SPELTHORNE,LANE,5929 W SPELTHORNE LANE
15010-20000-04416,1,1 unit,No,Yes,2/10/2016,2016,Before,2,Q1,Q1 2016,90034,2703,"34.04112, -118.37175",34.04112,-118.37175,1909,S,COVINGTON,LANE,1909 S COVINGTON LANE
15010-20000-04414,1,1 unit,No,Yes,2/10/2016,2016,Before,2,Q1,Q1 2016,90034,2703,"34.04116, -118.3708",34.04116,-118.3708,5933,W,SPELTHORNE,LANE,5933 W SPELTHORNE LANE
15010-20000-04393,1,1 unit,No,Yes,2/10/2016,2016,Before,2,Q1,Q1 2016,90034,2703,"34.0412, -118.3709",34.0412,-118.3709,5937,W,SPELTHORNE,LANE,5937 W SPELTHORNE LANE
15010-20000-03380,1,1 unit,No,Yes,1/27/2017,2017,After,1,Q1,Q1 2017,90034,2695,"34.04137, -118.39515",34.04137,-118.39515,2401,S,BEVERLY,DR,2401 S BEVERLY DR
15010-20000-04400,1,1 unit,No,Yes,2/10/2016,2016,Before,2,Q1,Q1 2016,90034,2703,"34.04138, -118.37175",34.04138,-118.37175,5957,W,SPELTHORNE,LANE,5957 W SPELTHORNE LANE
15010-20000-04420,1,1 unit,No,Yes,2/10/2016,2016,Before,2,Q1,Q1 2016,90034,2703,"34.04138, -118.37189",34.04138,-118.37189,5961,W,SPELTHORNE,LANE,5961 W SPELTHORNE LANE
16010-20000-03982,1,1 unit,No,Yes,7/12/2017,2017,After,7,Q3,Q3 2017,90034,2695,"34.04169, -118.39296",34.04169,-118.39296,2251,S,GUTHRIE,DR,2251 S GUTHRIE DR
17010-30000-03332,1,1 unit,No,Yes,12/20/2017,2017,After,12,Q4,Q4 2017,90034,2695,"34.0417, -118.39824",34.0417,-118.39824,2418,S,BEVERWIL,DR,2418 S BEVERWIL DR
18010-20000-02774,1,1 unit,No,Yes,10/1/2018,2018,Exclude,10,Q4,Q4 2018,90034,2696.01,"34.04176, -118.37755",34.04176,-118.37755,1938,S,CHARITON,ST,1938 S CHARITON ST
18010-20000-02773,1,1 unit,No,Yes,10/1/2018,2018,Exclude,10,Q4,Q4 2018,90034,2696.01,"34.04176, -118.37755",34.04176,-118.37755,1938,S,CHARITON,ST,1938 S CHARITON ST
16010-20000-03048,1,1 unit,No,Yes,12/30/2016,2016,After,12,Q4,Q4 2016,90034,2695,"34.04176, -118.38853",34.04176,-118.38853,2230,S,HILLSBORO,AVE,2230 S HILLSBORO AVE
14010-10000-04193,1,1 unit,No,Yes,3/4/2016,2016,Before,3,Q1,Q1 2016,90034,2695,"34.04189, -118.39598",34.04189,-118.39598,2322,S,DUXBURY,CIR,2322 S DUXBURY CIR
14010-10000-04191,1,1 unit,No,Yes,6/2/2015,2015,Before,6,Q2,Q2 2015,90034,2695,"34.04206, -118.39637",34.04206,-118.39637,2313,S,DUXBURY,CIR,2313 S DUXBURY CIR
16010-10000-00700,1,1 unit,No,Yes,11/7/2016,2016,After,11,Q4,Q4 2016,90034,2695,"34.0424, -118.39642",34.0424,-118.39642,2301,S,DUXBURY,CIR,2301 S DUXBURY CIR
17010-10000-03663,1,1 unit,No,Yes,12/14/2017,2017,After,12,Q4,Q4 2017,90034,2695,"34.04254, -118.39272",34.04254,-118.39272,2217,S,GUTHRIE,DR,2217 S GUTHRIE DR
16010-10000-00701,1,1 unit,No,Yes,11/18/2016,2016,After,11,Q4,Q4 2016,90034,2695,"34.0426, -118.39368",34.0426,-118.39368,2250,S,GUTHRIE,CIR,2250 S GUTHRIE CIR
16010-10000-03532,1,1 unit,No,Yes,12/27/2016,2016,After,12,Q4,Q4 2016,90034,2696.01,,34.04262,-118.37859,1908,S,GARTH,AVE,1908 S GARTH AVE
16010-10000-04880,1,1 unit,No,Yes,11/13/2017,2017,After,11,Q4,Q4 2017,90034,2695,"34.04273, -118.39272",34.04273,-118.39272,2209,S,GUTHRIE,DR,2209 S GUTHRIE DR
13010-20000-01284,1,1 unit,No,Yes,7/22/2013,2013,Exclude,7,Q3,Q3 2013,90034,2696.01,,34.042736,-118.37858,1903,S,GARTH,AVE,1903 S GARTH AVE
16010-30000-03799,1,1 unit,No,Yes,2/13/2017,2017,After,2,Q1,Q1 2017,90034,2695,"34.04287, -118.38834",34.04287,-118.38834,1960,S,DURANGO,AVE,1960 S DURANGO AVE
15010-10000-02267,1,1 unit,No,Yes,11/14/2016,2016,After,11,Q4,Q4 2016,90034,2695,,34.043125,-118.3986,2311,S,BEVERWIL,DR,2311 S BEVERWIL DR
13014-30000-01252,1,1 unit,No,Yes,8/19/2013,2013,Exclude,8,Q3,Q3 2013,90034,2695,"34.04324, -118.38888",34.04324,-118.38888,1949,S,DURANGO,AVE,1949 S DURANGO AVE
16010-10000-03289,1,1 unit,No,Yes,12/22/2016,2016,After,12,Q4,Q4 2016,90034,2695,"34.04339, -118.39074",34.04339,-118.39074,2112,S,CANFIELD,AVE,2112 S CANFIELD AVE
16010-20000-05426,1,1 unit,No,Yes,5/17/2017,2017,After,5,Q2,Q2 2017,90034,2695,"34.04357, -118.39644",34.04357,-118.39644,2201,S,DUXBURY,CIR,2201 S DUXBURY CIR
18010-10000-02512,1,1 unit,No,Yes,10/09/2018,2018,Exclude,10,Q4,Q4 2018,90034,2696.02,,34.04363,-118.38562,1937,S,PREUSS,ROAD,1937 S PREUSS ROAD
18010-20000-02270,1,1 unit,No,Yes,8/29/2018,2018,Exclude,8,Q3,Q3 2018,90034,2695,"34.04369, -118.39514",34.04369,-118.39514,2125,S,BEVERLY,DR,2125 S BEVERLY DR
17010-10000-01440,2,2-4 units,No,Yes,4/3/2018,2018,After,4,Q2,Q2 2018,90034,2696.02,"34.04388, -118.38313",34.04388,-118.38313,1903,S,BEDFORD,ST,1903 S BEDFORD ST
14010-10000-00786,1,1 unit,No,Yes,8/4/2014,2014,Before,8,Q3,Q3 2014,90034,2695,"34.0439, -118.39601",34.0439,-118.39601,2136,S,DUXBURY,CIR,2136 S DUXBURY CIR
17010-30000-00099,1,1 unit,No,Yes,10/2/2017,2017,After,10,Q4,Q4 2017,90034,2695,"34.0441, -118.39779",34.0441,-118.39779,2122,S,CASTLE HEIGHTS,AVE,2122 S CASTLE HEIGHTS AVE
16010-30000-01199,1,1 unit,No,Yes,12/16/2016,2016,After,12,Q4,Q4 2016,90034,2695,"34.04418, -118.39609",34.04418,-118.39609,2131,S,DUXBURY,CIR,2131 S DUXBURY CIR
13010-10000-01338,1,1 unit,No,Yes,8/13/2013,2013,Exclude,8,Q3,Q3 2013,90034,2695,"34.04432, -118.39593",34.04432,-118.39593,2125,S,DUXBURY,CIR,2125 S DUXBURY CIR
15010-20000-00258,1,1 unit,No,Yes,12/14/2016,2016,After,12,Q4,Q4 2016,90034,2695,"34.04462, -118.39512",34.04462,-118.39512,2101,S,DUXBURY,CIR,2101 S DUXBURY CIR
17010-30000-00658,1,1 unit,No,Yes,1/29/2018,2018,After,1,Q1,Q1 2018,90034,2695,"34.04497, -118.38802",34.04497,-118.38802,1900,S,CREST,DR,1900 S CREST DR
16010-20000-00243,1,1 unit,No,Yes,5/10/2016,2016,Before,5,Q2,Q2 2016,90034,2695,"34.04505, -118.3973",34.04505,-118.3973,9615,W,BOLTON,ROAD,9615 W BOLTON ROAD
16010-30000-01198,1,1 unit,No,Yes,5/4/2016,2016,Before,5,Q2,Q2 2016,90034,2695,"34.04521, -118.39284",34.04521,-118.39284,9325,W,BOLTON,ROAD,9325 W BOLTON ROAD
13010-20000-00115,1,1 unit,No,Yes,7/18/2013,2013,Exclude,7,Q3,Q3 2013,90034,2695,"34.04582, -118.39706",34.04582,-118.39706,9561,W,SAWYER,ST,9561 W SAWYER ST
15010-20000-04692,1,1 unit,No,Yes,4/5/2016,2016,Before,4,Q2,Q2 2016,90034,2695,,34.045998,-118.398674,2000,S,CASTLE HEIGHTS,AVE,2000 S CASTLE HEIGHTS AVE
17010-10000-05119,1,1 unit,No,Yes,3/29/2018,2018,After,3,Q1,Q1 2018,90034,2714.00,,,,12660,W,ROSE,AVE,12660 W ROSE AVE
15010-20000-04396,1,1 unit,No,Yes,2/10/2016,2016,Before,2,Q1,Q1 2016,90034,2703,,,,1920,S,COVINGTON,LANE,1920 S COVINGTON LANE
15014-30000-01830,1,1 unit,No,Yes,10/28/2015,2015,Before,10,Q4,Q4 2015,90064,2713,"34.0213, -118.44337",34.0213,-118.44337,12100,W,CLARKSON,ROAD,12100 W CLARKSON ROAD
17010-10000-02285,1,1 unit,No,Yes,8/3/2018,2018,Exclude,8,Q3,Q3 2018,90064,2713.00,"34.02131, -118.44466",34.02131,-118.44466,12139,W,CLARKSON,ROAD,12139 W CLARKSON ROAD
15010-30000-00209,1,1 unit,No,Yes,3/20/2015,2015,Before,3,Q1,Q1 2015,90064,2713,"34.02151, -118.44135",34.02151,-118.44135,12007,W,NATIONAL,BLVD,12007 W NATIONAL BLVD
15010-30000-03207,1,1 unit,No,Yes,11/17/2015,2015,Before,11,Q4,Q4 2015,90064,2713,"34.02188, -118.44436",34.02188,-118.44436,12120,W,SARDIS,AVE,12120 W SARDIS AVE
17010-30000-02264,1,1 unit,No,Yes,8/18/2017,2017,After,8,Q3,Q3 2017,90064,2713,"34.02197, -118.44356",34.02197,-118.44356,2801,S,ARMACOST,AVE,2801 S ARMACOST AVE
17010-20000-04818,1,1 unit,No,Yes,8/22/2018,2018,Exclude,8,Q3,Q3 2018,90064,2713,"34.02265, -118.44204",34.02265,-118.44204,2811,S,BURKSHIRE,AVE,2811 S BURKSHIRE AVE
17010-30000-02239,1,1 unit,No,Yes,7/14/2017,2017,After,7,Q3,Q3 2017,90064,2713,"34.02302, -118.44404",34.02302,-118.44404,2736,S,ARMACOST,AVE,2736 S ARMACOST AVE
16010-10000-05944,46,20-49 units,No,Yes,3/13/2018,2018,After,3,Q1,Q1 2018,90064,2713.00,"34.02326, -118.43794",34.02326,-118.43794,11671,W,NATIONAL,BLVD,11671 W NATIONAL BLVD
15010-30000-01112,1,1 unit,No,Yes,10/27/2015,2015,Before,10,Q4,Q4 2015,90064,2713,"34.02342, -118.43957",34.02342,-118.43957,2827,S,BARRINGTON,AVE,2827 S BARRINGTON AVE
16010-30000-01321,1,1 unit,No,Yes,6/7/2016,2016,After,6,Q2,Q2 2016,90064,2713,"34.02363, -118.4448",34.02363,-118.4448,2701,S,ARMACOST,AVE,2701 S ARMACOST AVE
14010-10000-00791,1,1 unit,No,Yes,11/19/2014,2014,Before,11,Q4,Q4 2014,90064,2713.00,"34.02441, -118.44684",34.02441,-118.44684,12113,W,OCEAN PARK,BLVD,12113 W OCEAN PARK BLVD
14010-10000-00793,1,1 unit,No,Yes,11/19/2014,2014,Before,11,Q4,Q4 2014,90064,2713.00,"34.02443, -118.4468",34.02443,-118.4468,12111,W,OCEAN PARK,BLVD,12111 W OCEAN PARK BLVD
14010-10000-00792,1,1 unit,No,Yes,11/19/2014,2014,Before,11,Q4,Q4 2014,90064,2713.00,"34.02445, -118.44676",34.02445,-118.44676,12109,W,OCEAN PARK,BLVD,12109 W OCEAN PARK BLVD
14010-10000-00790,1,1 unit,No,Yes,11/19/2014,2014,Before,11,Q4,Q4 2014,90064,2713.00,"34.02447, -118.44672",34.02447,-118.44672,12107,W,OCEAN PARK,BLVD,12107 W OCEAN PARK BLVD
15010-30000-03716,1,1 unit,No,Yes,12/18/2015,2015,Before,12,Q4,Q4 2015,90064,2713,"34.02454, -118.44738",34.02454,-118.44738,2590,S,AMHERST,AVE,2590 S AMHERST AVE
16010-20000-03012,1,1 unit,No,Yes,10/18/2016,2016,After,10,Q4,Q4 2016,90064,2713,"34.02474, -118.4479",34.02474,-118.4479,2577,S,AMHERST,AVE,2577 S AMHERST AVE
17010-30000-04450,1,1 unit,No,Yes,1/29/2018,2018,After,1,Q1,Q1 2018,90064,2713.00,"34.02509, -118.44031",34.02509,-118.44031,2728,S,BARRINGTON,AVE,2728 S BARRINGTON AVE
17010-20000-03230,1,1 unit,No,Yes,12/8/2017,2017,After,12,Q4,Q4 2017,90064,2713,"34.02514, -118.44901",34.02514,-118.44901,2546,S,WELLESLEY,AVE,2546 S WELLESLEY AVE
17010-30000-04838,1,1 unit,No,Yes,4/20/2018,2018,After,4,Q2,Q2 2018,90064,2713.00,"34.02571, -118.44865",34.02571,-118.44865,2535,S,AMHERST,AVE,2535 S AMHERST AVE
12010-30000-02238,1,1 unit,No,Yes,3/28/2014,2014,Exclude,3,Q1,Q1 2014,90064,2713.00,"34.02574, -118.44513",34.02574,-118.44513,2593,S,WESTGATE,AVE,2593 S WESTGATE AVE
16010-30000-01221,1,1 unit,No,Yes,9/30/2016,2016,After,9,Q3,Q3 2016,90064,2713,"34.02589, -118.44879",34.02589,-118.44879,2527,S,AMHERST,AVE,2527 S AMHERST AVE
16010-30000-00134,4,2-4 units,No,Yes,4/19/2016,2016,Before,4,Q2,Q2 2016,90064,2713.00,"34.02592, -118.45089",34.02592,-118.45089,2496,S,CENTINELA,AVE,2496 S CENTINELA AVE
15010-30000-01899,1,1 unit,No,Yes,8/13/2015,2015,Before,8,Q3,Q3 2015,90064,2713,"34.02597, -118.44888",34.02597,-118.44888,2523,S,AMHERST,AVE,2523 S AMHERST AVE
16010-30000-03110,1,1 unit,No,Yes,12/8/2016,2016,After,12,Q4,Q4 2016,90064,2713,"34.02671, -118.44943",34.02671,-118.44943,2493,S,AMHERST,AVE,2493 S AMHERST AVE
16010-30000-03109,1,1 unit,No,Yes,12/13/2016,2016,After,12,Q4,Q4 2016,90064,2713,"34.0268, -118.44951",34.0268,-118.44951,2489,S,AMHERST,AVE,2489 S AMHERST AVE
15010-10000-01435,1,1 unit,No,Yes,9/29/2016,2016,After,9,Q3,Q3 2016,90064,2713.00,,34.02684,-118.44451,2567,S,GRANVILLE,AVE,2567 S GRANVILLE AVE
14010-10000-01229,1,1 unit,No,Yes,9/12/2014,2014,Before,9,Q3,Q3 2014,90064,2713,"34.02695, -118.45053",34.02695,-118.45053,2468,S,WELLESLEY,AVE,2468 S WELLESLEY AVE
17010-20000-04857,1,1 unit,No,Yes,2/26/2018,2018,After,2,Q1,Q1 2018,90064,2713.00,"34.02701, -118.43551",34.02701,-118.43551,2740,S,BUTLER,AVE,2740 S BUTLER AVE
15010-30000-02870,1,1 unit,No,Yes,10/7/2015,2015,Before,10,Q4,Q4 2015,90064,2713,"34.02712, -118.44939",34.02712,-118.44939,2480,S,AMHERST,AVE,2480 S AMHERST AVE
18010-10000-00182,1,1 unit,No,Yes,4/11/2018,2018,After,4,Q2,Q2 2018,90064,2713,"34.02773, -118.44149",34.02773,-118.44149,2609,S,BARRY,AVE,2609 S BARRY AVE
16010-10000-06196,1,1 unit,No,Yes,4/3/2017,2017,After,4,Q2,Q2 2017,90064,2712,"34.02928, -118.44851",34.02928,-118.44851,11925,W,AYRES,AVE,11925 W AYRES AVE
18010-10000-02259,1,1 unit,No,Yes,8/17/2018,2018,Exclude,8,Q3,Q3 2018,90064,2713.00,,34.02948,-118.44243,11603,W,PEARL,PL,11603 W PEARL PL
18010-10000-02258,1,1 unit,No,Yes,8/17/2018,2018,Exclude,8,Q3,Q3 2018,90064,2713,,34.029484,-118.44242,11601,W,PEARL,PL,11601 W PEARL PL
17010-10000-02566,1,1 unit,No,Yes,8/25/2017,2017,After,8,Q3,Q3 2017,90064,2713,"34.02956, -118.43908",34.02956,-118.43908,2560,S,COLBY,AVE,2560 S COLBY AVE
14010-10000-01460,25,20-49 units,No,Yes,7/22/2016,2016,After,7,Q3,Q3 2016,90064,2717.02,"34.02959, -118.43029",34.02959,-118.43029,11210,W,SARDIS,AVE,11210 W SARDIS AVE
16010-10000-06197,1,1 unit,No,Yes,4/18/2017,2017,After,4,Q2,Q2 2017,90064,2676,"34.02964, -118.45354",34.02964,-118.45354,2265,S,WELLESLEY,AVE,2265 S WELLESLEY AVE
14010-30000-02846,1,1 unit,No,Yes,12/23/2014,2014,Before,12,Q4,Q4 2014,90064,2717.02,"34.02965, -118.42648",34.02965,-118.42648,2931,S,MILITARY,AVE,2931 S MILITARY AVE
16010-10000-01632,100,100-199 units,Yes,Yes,10/12/2017,2017,After,10,Q4,Q4 2017,90064,2712.00,"34.02999, -118.44856",34.02999,-118.44856,11916,W,PICO,BLVD,11916 W PICO BLVD
16010-10000-05722,1,1 unit,No,Yes,4/18/2017,2017,After,4,Q2,Q2 2017,90064,2676,"34.03029, -118.45082",34.03029,-118.45082,11931,W,TENNESSEE,PL,11931 W TENNESSEE PL
16010-20000-04932,1,1 unit,No,Yes,3/15/2017,2017,After,3,Q1,Q1 2017,90064,2717.01,"34.0303, -118.4266",34.0303,-118.4266,2904,S,MILITARY,AVE,2904 S MILITARY AVE
13014-30000-02365,1,1 unit,No,Yes,8/15/2013,2013,Exclude,8,Q3,Q3 2013,90064,2676,"34.03032, -118.45435",34.03032,-118.45435,2229,S,WELLESLEY,AVE,2229 S WELLESLEY AVE
16010-20000-00956,1,1 unit,No,Yes,6/13/2016,2016,After,6,Q2,Q2 2016,90064,2676,"34.03041, -118.45409",34.03041,-118.45409,2230,S,WELLESLEY,AVE,2230 S WELLESLEY AVE
17010-10000-04325,1,1 unit,No,Yes,8/17/2018,2018,Exclude,8,Q3,Q3 2018,90064,2717.01,"34.03053, -118.42228",34.03053,-118.42228,2945,S,MIDVALE,AVE,2945 S MIDVALE AVE
14010-30000-02727,1,1 unit,No,Yes,12/23/2014,2014,Before,12,Q4,Q4 2014,90064,2717.01,"34.0306, -118.42349",34.0306,-118.42349,2947,S,KELTON,AVE,2947 S KELTON AVE
16010-30000-03492,1,1 unit,No,Yes,11/3/2016,2016,After,11,Q4,Q4 2016,90064,2717.01,"34.03068, -118.42323",34.03068,-118.42323,2946,S,KELTON,AVE,2946 S KELTON AVE
17010-20000-00307,1,1 unit,No,Yes,6/27/2017,2017,After,6,Q2,Q2 2017,90064,2676,"34.0307, -118.44932",34.0307,-118.44932,11850,W,TENNESSEE,PL,11850 W TENNESSEE PL
17010-20000-00306,1,1 unit,No,Yes,6/28/2017,2017,After,6,Q2,Q2 2017,90064,2676,"34.03073, -118.44924",34.03073,-118.44924,11848,W,TENNESSEE,PL,11848 W TENNESSEE PL
18010-20000-01510,1,1 unit,No,Yes,8/29/2018,2018,Exclude,8,Q3,Q3 2018,90064,2690.00,,34.03102,-118.404724,3378,S,MANNING,CT,3378 S MANNING CT
15010-20000-00415,1,1 unit,No,Yes,7/22/2015,2015,Before,7,Q3,Q3 2015,90064,2676,"34.0314, -118.44955",34.0314,-118.44955,11831,W,TENNESSEE,AVE,11831 W TENNESSEE AVE
15010-20000-00414,1,1 unit,No,Yes,7/22/2015,2015,Before,7,Q3,Q3 2015,90064,2676,"34.03142, -118.44947",34.03142,-118.44947,11829,W,TENNESSEE,AVE,11829 W TENNESSEE AVE
16010-30000-01551,2,2-4 units,No,Yes,8/11/2016,2016,After,8,Q3,Q3 2016,90064,2712.00,,34.031593,-118.44327,2441,S,FEDERAL,AVE,2441 S FEDERAL AVE
16010-30000-01549,1,1 unit,No,Yes,8/11/2016,2016,After,8,Q3,Q3 2016,90064,2712,,34.03162,-118.44329,2439,S,FEDERAL,AVE,2439 S FEDERAL AVE
14010-30000-03308,71,50-99 units,Yes,Yes,7/14/2015,2015,Before,7,Q3,Q3 2015,90064,2712.00,"34.03185, -118.4448",34.03185,-118.4448,11650,W,PICO,BLVD,11650 W PICO BLVD
17010-30000-04990,1,1 unit,No,Yes,6/18/2018,2018,Exclude,6,Q2,Q2 2018,90064,2711,"34.0322, -118.42202",34.0322,-118.42202,2854,S,WESTWOOD,BLVD,2854 S WESTWOOD BLVD
15010-20000-02881,1,1 unit,No,Yes,9/30/2015,2015,Before,9,Q3,Q3 2015,90064,2690,"34.03221, -118.40676",34.03221,-118.40676,3272,S,EDITH,ST,3272 S EDITH ST
18010-20000-00617,1,1 unit,No,Yes,9/20/2018,2018,Exclude,9,Q3,Q3 2018,90064,2712,,34.032322,-118.437515,11345,W,PEARL,ST,11345 W PEARL ST
18010-20000-00620,1,1 unit,No,Yes,9/20/2018,2018,Exclude,9,Q3,Q3 2018,90064,2712,,34.03234,-118.43748,11343,W,PEARL,ST,11343 W PEARL ST
18010-20000-00626,1,1 unit,No,Yes,9/20/2018,2018,Exclude,9,Q3,Q3 2018,90064,2712.00,"34.03235, -118.43784",34.03235,-118.43784,2499,S,CORINTH,AVE,2499 S CORINTH AVE
18010-20000-00621,1,1 unit,No,Yes,9/20/2018,2018,Exclude,9,Q3,Q3 2018,90064,2712,,34.032364,-118.43744,11341,W,PEARL,ST,11341 W PEARL ST
18010-20000-00622,1,1 unit,No,Yes,9/20/2018,2018,Exclude,9,Q3,Q3 2018,90064,2712,,34.032383,-118.4374,11339,W,PEARL,ST,11339 W PEARL ST
18010-20000-00623,1,1 unit,No,Yes,9/20/2018,2018,Exclude,9,Q3,Q3 2018,90064,2712,,34.032402,-118.43736,11337,W,PEARL,ST,11337 W PEARL ST
13010-10000-01318,1,1 unit,No,Yes,7/2/2013,2013,Exclude,7,Q3,Q3 2013,90064,2690,"34.03241, -118.40559",34.03241,-118.40559,3321,S,PATRICIA,AVE,3321 S PATRICIA AVE
18010-20000-00624,1,1 unit,No,Yes,9/20/2018,2018,Exclude,9,Q3,Q3 2018,90064,2712,,34.032425,-118.43733,11335,W,PEARL,ST,11335 W PEARL ST
18010-20000-00625,1,1 unit,No,Yes,9/20/2018,2018,Exclude,9,Q3,Q3 2018,90064,2712.00,,34.032444,-118.437294,11333,W,PEARL,ST,11333 W PEARL ST
14010-20000-04067,1,1 unit,No,Yes,4/3/2015,2015,Before,4,Q2,Q2 2015,90064,2690,"34.03251, -118.40352",34.03251,-118.40352,3320,S,BARBYDELL,DR,3320 S BARBYDELL DR
14010-10000-03684,13,5-19 units,No,Yes,5/10/2016,2016,Before,5,Q2,Q2 2016,90064,2711.00,"34.03286, -118.4331",34.03286,-118.4331,11209,W,RICHLAND,AVE,11209 W RICHLAND AVE
13010-10000-01446,1,1 unit,No,Yes,6/25/2013,2013,Exclude,6,Q2,Q2 2013,90064,2690,"34.03294, -118.40363",34.03294,-118.40363,3309,S,BARBYDELL,DR,3309 S BARBYDELL DR
15010-10000-02845,1,1 unit,No,Yes,12/1/2015,2015,Before,12,Q4,Q4 2015,90064,2690,"34.03307, -118.40246",34.03307,-118.40246,3253,S,CLUB,DR,3253 S CLUB DR
13010-20000-04681,7,5-19 units,No,Yes,12/30/2014,2014,Before,12,Q4,Q4 2014,90064,2711.00,"34.03312, -118.43279",34.03312,-118.43279,2585,S,SEPULVEDA,BLVD,2585 S SEPULVEDA BLVD
13010-10000-03000,1,1 unit,No,Yes,12/4/2013,2013,Exclude,12,Q4,Q4 2013,90064,2690,"34.0333, -118.40429",34.0333,-118.40429,3240,S,WOODBINE,ST,3240 S WOODBINE ST
12010-20000-02629,1,1 unit,No,Yes,2/6/2013,2013,Exclude,2,Q1,Q1 2013,90064,2690,"34.03336, -118.40537",34.03336,-118.40537,10126,W,LOVELANE,PL,10126 W LOVELANE PL
16010-10000-02003,1,1 unit,No,Yes,9/28/2016,2016,After,9,Q3,Q3 2016,90064,2690,"34.03338, -118.40474",34.03338,-118.40474,10109,W,LOVELANE,PL,10109 W LOVELANE PL
14010-10000-03913,1,1 unit,No,Yes,2/19/2015,2015,Before,2,Q1,Q1 2015,90064,2711,"34.0335, -118.42546",34.0335,-118.42546,2732,S,KELTON,AVE,2732 S KELTON AVE
15010-10000-00497,1,1 unit,No,Yes,6/16/2015,2015,Before,6,Q2,Q2 2015,90064,2690,"34.03392, -118.40397",34.03392,-118.40397,3225,S,WOODBINE,ST,3225 S WOODBINE ST
16010-10000-03336,1,1 unit,No,Yes,3/24/2017,2017,After,3,Q1,Q1 2017,90064,2711,"34.03398, -118.42219",34.03398,-118.42219,2800,S,GLENDON,AVE,2800 S GLENDON AVE
18010-30000-00756,1,1 unit,No,Yes,4/16/2018,2018,After,4,Q2,Q2 2018,90064,2711.00,,34.034306,-118.43233,2553,S,BENTLEY,AVE,2553 S BENTLEY AVE
17010-30000-03478,1,1 unit,No,Yes,11/21/2017,2017,After,11,Q4,Q4 2017,90064,2690,"34.03433, -118.4069",34.03433,-118.4069,3160,S,CAVENDISH,DR,3160 S CAVENDISH DR
17010-30000-04131,1,1 unit,No,Yes,1/29/2018,2018,After,1,Q1,Q1 2018,90064,2690,"34.03441, -118.40943",34.03441,-118.40943,3118,S,PATRICIA,AVE,3118 S PATRICIA AVE
16010-20000-04130,1,1 unit,No,Yes,2/7/2017,2017,After,2,Q1,Q1 2017,90064,2693,"34.03448, -118.41309",34.03448,-118.41309,3108,S,HADDINGTON,DR,3108 S HADDINGTON DR
18010-20000-00151,1,1 unit,No,Yes,6/28/2018,2018,Exclude,6,Q2,Q2 2018,90064,2693,"34.03471, -118.41608",34.03471,-118.41608,10560,W,CLARKSON,ROAD,10560 W CLARKSON ROAD
16016-10000-00888,84,50-99 units,Yes,Yes,5/10/2016,2016,Before,5,Q2,Q2 2016,90064,2677.00,"34.03478, -118.44297",34.03478,-118.44297,11500,W,TENNESSEE,AVE,11500 W TENNESSEE AVE
14010-20000-03120,1,1 unit,No,Yes,11/20/2014,2014,Before,11,Q4,Q4 2014,90064,2690,"34.03479, -118.40172",34.03479,-118.40172,3142,S,DANNYHILL,DR,3142 S DANNYHILL DR
15010-20000-01226,1,1 unit,No,Yes,7/28/2015,2015,Before,7,Q3,Q3 2015,90064,2690,"34.03485, -118.40284",34.03485,-118.40284,3139,S,BARBYDELL,DR,3139 S BARBYDELL DR
17010-10000-00612,1,1 unit,No,Yes,8/28/2017,2017,After,8,Q3,Q3 2017,90064,2711,"34.03488, -118.42317",34.03488,-118.42317,2725,S,GLENDON,AVE,2725 S GLENDON AVE
13010-30000-00771,1,1 unit,No,Yes,5/23/2013,2013,Exclude,5,Q2,Q2 2013,90064,2690,"34.03494, -118.40662",34.03494,-118.40662,3137,S,CAVENDISH,DR,3137 S CAVENDISH DR
13010-10000-01729,1,1 unit,No,Yes,10/1/2013,2013,Exclude,10,Q4,Q4 2013,90064,2693,"34.03501, -118.41117",34.03501,-118.41117,3073,S,PATRICIA,AVE,3073 S PATRICIA AVE
13010-30000-00607,1,1 unit,No,Yes,8/20/2013,2013,Exclude,8,Q3,Q3 2013,90064,2693,"34.03516, -118.41569",34.03516,-118.41569,10540,W,CLARKSON,ROAD,10540 W CLARKSON ROAD
15010-30000-01303,3,2-4 units,No,Yes,10/8/2015,2015,Before,10,Q4,Q4 2015,90064,2711.00,"34.03518, -118.43354",34.03518,-118.43354,11162,W,EXPOSITION,BLVD,11162 W EXPOSITION BLVD
14010-20000-02653,1,1 unit,No,Yes,12/19/2014,2014,Before,12,Q4,Q4 2014,90064,2690,"34.03553, -118.40318",34.03553,-118.40318,10016,W,CHEVIOT,DR,10016 W CHEVIOT DR
13010-30000-00791,1,1 unit,No,Yes,6/6/2013,2013,Exclude,6,Q2,Q2 2013,90064,2690,"34.03569, -118.40711",34.03569,-118.40711,3048,S,QUEENSBURY,DR,3048 S QUEENSBURY DR
17010-30000-03832,1,1 unit,No,Yes,1/24/2018,2018,After,1,Q1,Q1 2018,90064,2690,"34.03576, -118.40734",34.03576,-118.40734,3049,S,QUEENSBURY,DR,3049 S QUEENSBURY DR
15010-30000-03674,1,1 unit,No,Yes,1/27/2016,2016,Before,1,Q1,Q1 2016,90064,2690,"34.03576, -118.40817",34.03576,-118.40817,10278,W,DUNLEER,DR,10278 W DUNLEER DR
16010-10000-01422,595,200+ units,Yes,Yes,3/21/2017,2017,After,3,Q1,Q1 2017,90064,2678.00,"34.03584, -118.43453",34.03584,-118.43453,2441,S,SEPULVEDA,BLVD,2441 S SEPULVEDA BLVD
17010-10000-01038,1,1 unit,No,Yes,1/24/2018,2018,After,1,Q1,Q1 2018,90064,2690,"34.03587, -118.40703",34.03587,-118.40703,3040,S,QUEENSBURY,DR,3040 S QUEENSBURY DR
15010-20000-00184,1,1 unit,No,Yes,3/31/2015,2015,Before,3,Q1,Q1 2015,90064,2693,"34.03599, -118.41294",34.03599,-118.41294,3009,S,PATRICIA,AVE,3009 S PATRICIA AVE
17010-10000-00953,1,1 unit,No,Yes,12/29/2017,2017,After,12,Q4,Q4 2017,90064,2690,"34.03608, -118.40276",34.03608,-118.40276,3067,S,DANNYHILL,DR,3067 S DANNYHILL DR
17010-10000-03836,1,1 unit,No,Yes,2/5/2018,2018,After,2,Q1,Q1 2018,90064,2678.00,"34.03622, -118.4308",34.03622,-118.4308,11013,W,EXPOSITION,BLVD,11013 W EXPOSITION BLVD
14010-10000-02739,1,1 unit,No,Yes,12/2/2014,2014,Before,12,Q4,Q4 2014,90064,2690,"34.03628, -118.40274",34.03628,-118.40274,3059,S,DANNYHILL,DR,3059 S DANNYHILL DR
16010-20000-01780,1,1 unit,No,Yes,11/1/2017,2017,After,11,Q4,Q4 2017,90064,2693,"34.03648, -118.41295",34.03648,-118.41295,10450,W,DUNLEER,DR,10450 W DUNLEER DR
17010-30000-03881,1,1 unit,No,Yes,12/4/2017,2017,After,12,Q4,Q4 2017,90064,2690,"34.03655, -118.40348",34.03655,-118.40348,3044,S,DANALDA,DR,3044 S DANALDA DR
15010-30000-00244,1,1 unit,No,Yes,7/10/2015,2015,Before,7,Q3,Q3 2015,90064,2690,"34.03657, -118.40744",34.03657,-118.40744,10265,W,CHEVIOT,DR,10265 W CHEVIOT DR
14010-20000-00861,1,1 unit,No,Yes,6/4/2014,2014,Before,6,Q2,Q2 2014,90064,2693,"34.03672, -118.41013",34.03672,-118.41013,10343,W,DUNLEER,DR,10343 W DUNLEER DR
14010-10000-01596,1,1 unit,No,Yes,7/29/2014,2014,Before,7,Q3,Q3 2014,90064,2690,"34.03674, -118.40343",34.03674,-118.40343,3036,S,DANALDA,DR,3036 S DANALDA DR
16010-10000-00574,1,1 unit,No,Yes,3/24/2016,2016,Before,3,Q1,Q1 2016,90064,2693,"34.03681, -118.41862",34.03681,-118.41862,10609,W,NORTHVALE,ROAD,10609 W NORTHVALE ROAD
15010-20000-03499,1,1 unit,No,Yes,12/14/2015,2015,Before,12,Q4,Q4 2015,90064,2693,"34.03723, -118.41902",34.03723,-118.41902,10636,W,ROUNTREE,ROAD,10636 W ROUNTREE ROAD
15010-20000-03725,1,1 unit,No,Yes,12/14/2015,2015,Before,12,Q4,Q4 2015,90064,2693,"34.03761, -118.41032",34.03761,-118.41032,10358,W,ROSSBURY,PL,10358 W ROSSBURY PL
16010-20000-04222,1,1 unit,No,Yes,11/15/2017,2017,After,11,Q4,Q4 2017,90064,2693,"34.03762, -118.41723",34.03762,-118.41723,2812,S,MANNING,AVE,2812 S MANNING AVE
17010-30000-01061,1,1 unit,No,Yes,8/18/2017,2017,After,8,Q3,Q3 2017,90064,2690,"34.03764, -118.40549",34.03764,-118.40549,3001,S,CAVENDISH,DR,3001 S CAVENDISH DR
16010-30000-01671,1,1 unit,No,Yes,6/29/2016,2016,After,6,Q2,Q2 2016,90064,2678,"34.03775, -118.43108",34.03775,-118.43108,10974,W,AYRES,AVE,10974 W AYRES AVE
16010-20000-02735,1,1 unit,No,Yes,5/16/2017,2017,After,5,Q2,Q2 2017,90064,2693,"34.03782, -118.4131",34.03782,-118.4131,10443,W,CHEVIOT,DR,10443 W CHEVIOT DR
15010-10000-00496,1,1 unit,No,Yes,6/16/2015,2015,Before,6,Q2,Q2 2015,90064,2690,"34.03784, -118.40154",34.03784,-118.40154,2920,S,CLUB,DR,2920 S CLUB DR
17010-10000-01731,1,1 unit,No,Yes,9/6/2017,2017,After,9,Q3,Q3 2017,90064,2678,"34.03786, -118.42805",34.03786,-118.42805,2537,S,MIDVALE,AVE,2537 S MIDVALE AVE
14010-10000-00905,1,1 unit,No,Yes,9/9/2014,2014,Before,9,Q3,Q3 2014,90064,2690,"34.03791, -118.40432",34.03791,-118.40432,3015,S,EARLMAR,DR,3015 S EARLMAR DR
17010-10000-02184,1,1 unit,No,Yes,09/25/2017,2017,After,9,Q3,Q3 2017,90064,2693,"34.03816, -118.41388",34.03816,-118.41388,10494,W,TROON,AVE,10494 W TROON AVE
18010-30000-00743,1,1 unit,No,Yes,7/17/2018,2018,Exclude,7,Q3,Q3 2018,90064,2690,"34.03821, -118.40364",34.03821,-118.40364,10122,W,BRIDLEVALE,DR,10122 W BRIDLEVALE DR
16010-30000-01807,1,1 unit,No,Yes,11/28/2016,2016,After,11,Q4,Q4 2016,90064,2690,,34.038246,-118.40212,2911,S,DANALDA,DR,2911 S DANALDA DR
15014-20002-01408,1,1 unit,No,Yes,5/19/2016,2016,Before,5,Q2,Q2 2016,90064,2693.00,"34.03834, -118.41655",34.03834,-118.41655,10573,W,BUTTERFIELD,ROAD,10573 W BUTTERFIELD ROAD
15010-30000-01011,1,1 unit,No,Yes,7/2/2015,2015,Before,7,Q3,Q3 2015,90064,2693,"34.03835, -118.40967",34.03835,-118.40967,10344,W,CHEVIOT,DR,10344 W CHEVIOT DR
16010-10000-01482,1,1 unit,No,Yes,9/6/2016,2016,After,9,Q3,Q3 2016,90064,2690,"34.03837, -118.40347",34.03837,-118.40347,10123,W,BRIDLEVALE,DR,10123 W BRIDLEVALE DR
16010-30000-02318,1,1 unit,No,Yes,1/31/2017,2017,After,1,Q1,Q1 2017,90064,2693,"34.03838, -118.40791",34.03838,-118.40791,2945,S,MOTOR,AVE,2945 S MOTOR AVE
14010-20000-03671,1,1 unit,No,Yes,3/4/2015,2015,Before,3,Q1,Q1 2015,90064,2690,"34.03844, -118.40523",34.03844,-118.40523,2921,S,CAVENDISH,DR,2921 S CAVENDISH DR
15010-10000-02621,1,1 unit,No,Yes,9/17/2015,2015,Before,9,Q3,Q3 2015,90064,2678,"34.03845, -118.42733",34.03845,-118.42733,2521,S,WESTWOOD,BLVD,2521 S WESTWOOD BLVD
13010-10000-01220,1,1 unit,No,Yes,6/4/2013,2013,Exclude,6,Q2,Q2 2013,90064,2690,"34.0385, -118.40455",34.0385,-118.40455,10154,W,BRIDLEVALE,DR,10154 W BRIDLEVALE DR
16010-20000-05780,1,1 unit,No,Yes,11/7/2017,2017,After,11,Q4,Q4 2017,90064,2693,"34.03851, -118.41069",34.03851,-118.41069,10371,W,CHEVIOT,DR,10371 W CHEVIOT DR
15010-10000-00647,1,1 unit,No,Yes,10/27/2015,2015,Before,10,Q4,Q4 2015,90064,2690,"34.03857, -118.40189",34.03857,-118.40189,2900,S,MCCONNELL,DR,2900 S MCCONNELL DR
18010-30000-00245,1,1 unit,No,Yes,4/16/2018,2018,After,4,Q2,Q2 2018,90064,2690,"34.03867, -118.40432",34.03867,-118.40432,10149,W,BRIDLEVALE,DR,10149 W BRIDLEVALE DR
15010-10000-00498,1,1 unit,No,Yes,5/22/2015,2015,Before,5,Q2,Q2 2015,90064,2693,"34.03888, -118.41724",34.03888,-118.41724,10560,W,BRADBURY,ROAD,10560 W BRADBURY ROAD
18010-10000-00370,1,1 unit,No,Yes,5/2/2018,2018,After,5,Q2,Q2 2018,90064,2693.00,,34.038906,-118.41544,10538,W,DRAPER,AVE,10538 W DRAPER AVE
16010-20000-04145,1,1 unit,No,Yes,12/28/2016,2016,After,12,Q4,Q4 2016,90064,2693,"34.03891, -118.41828",34.03891,-118.41828,10560,W,ROUNTREE,ROAD,10560 W ROUNTREE ROAD
13010-10000-02214,1,1 unit,No,Yes,10/24/2013,2013,Exclude,10,Q4,Q4 2013,90064,2693,"34.03894, -118.41854",34.03894,-118.41854,10563,W,ROUNTREE,ROAD,10563 W ROUNTREE ROAD
16010-10000-04921,1,1 unit,No,Yes,1/18/2017,2017,After,1,Q1,Q1 2017,90064,2693,"34.03901, -118.41721",34.03901,-118.41721,10554,W,BRADBURY,ROAD,10554 W BRADBURY ROAD
17010-20000-00663,1,1 unit,No,Yes,8/30/2017,2017,After,8,Q3,Q3 2017,90064,2693,"34.03914, -118.41635",34.03914,-118.41635,10549,W,BUTTERFIELD,ROAD,10549 W BUTTERFIELD ROAD
15010-10000-04372,1,1 unit,No,Yes,3/3/2016,2016,Before,3,Q1,Q1 2016,90064,2678,"34.03918, -118.43459",34.03918,-118.43459,2317,S,CAMDEN,AVE,2317 S CAMDEN AVE
13010-30000-01395,1,1 unit,No,Yes,8/13/2013,2013,Exclude,8,Q3,Q3 2013,90064,2693,"34.03927, -118.40844",34.03927,-118.40844,2908,S,WICKLOW,ROAD,2908 S WICKLOW ROAD
13010-20000-00915,1,1 unit,No,Yes,7/3/2013,2013,Exclude,7,Q3,Q3 2013,90064,2693,"34.03947, -118.41923",34.03947,-118.41923,10568,W,PUTNEY,ROAD,10568 W PUTNEY ROAD
18010-20000-00770,1,1 unit,No,Yes,6/29/2018,2018,Exclude,6,Q2,Q2 2018,90064,2678,"34.03964, -118.43466",34.03964,-118.43466,2302,S,CAMDEN,AVE,2302 S CAMDEN AVE
17010-30000-00644,1,1 unit,No,Yes,6/29/2017,2017,After,6,Q2,Q2 2017,90064,2678,"34.03983, -118.42447",34.03983,-118.42447,10720,W,AYRES,AVE,10720 W AYRES AVE
15010-10000-00010,1,1 unit,No,Yes,10/26/2016,2016,After,10,Q4,Q4 2016,90064,2690,"34.03985, -118.40145",34.03985,-118.40145,2840,S,MCCONNELL,DR,2840 S MCCONNELL DR
14010-20000-00986,1,1 unit,No,Yes,10/23/2014,2014,Before,10,Q4,Q4 2014,90064,2693,"34.03991, -118.41803",34.03991,-118.41803,10524,W,ROUNTREE,ROAD,10524 W ROUNTREE ROAD
14010-10000-02489,1,1 unit,No,Yes,9/22/2014,2014,Before,9,Q3,Q3 2014,90064,2678,"34.03996, -118.43092",34.03996,-118.43092,2356,S,KELTON,AVE,2356 S KELTON AVE
15010-10000-00749,1,1 unit,No,Yes,7/2/2015,2015,Before,7,Q3,Q3 2015,90064,2693,"34.04003, -118.41015",34.04003,-118.41015,10370,W,GLENBARR,AVE,10370 W GLENBARR AVE
13010-30000-03558,1,1 unit,No,Yes,2/21/2014,2014,Exclude,2,Q1,Q1 2014,90064,2693,"34.04007, -118.40683",34.04007,-118.40683,10312,W,LORENZO,DR,10312 W LORENZO DR
15010-30000-00104,1,1 unit,No,Yes,3/18/2015,2015,Before,3,Q1,Q1 2015,90064,2693,"34.04033, -118.40777",34.04033,-118.40777,10334,W,LORENZO,DR,10334 W LORENZO DR
12010-20000-02638,1,1 unit,No,Yes,5/15/2013,2013,Exclude,5,Q2,Q2 2013,90064,2693,"34.04039, -118.40725",34.04039,-118.40725,10323,W,LORENZO,DR,10323 W LORENZO DR
17010-30000-00517,1,1 unit,No,Yes,4/17/2017,2017,After,4,Q2,Q2 2017,90064,2693,"34.04044, -118.40814",34.04044,-118.40814,10342,W,LORENZO,DR,10342 W LORENZO DR
18010-10000-00753,1,1 unit,No,Yes,8/1/2018,2018,Exclude,8,Q3,Q3 2018,90064,2678.00,,34.04056,-118.43293,2304,S,VETERAN,AVE,2304 S VETERAN AVE
18010-20000-01279,1,1 unit,No,Yes,6/25/2018,2018,Exclude,6,Q2,Q2 2018,90064,2678,"34.04065, -118.43184",34.04065,-118.43184,2321,S,KELTON,AVE,2321 S KELTON AVE
15010-10000-00730,8,5-19 units,No,Yes,10/26/2015,2015,Before,10,Q4,Q4 2015,90064,2678.00,"34.04076, -118.43659",34.04076,-118.43659,11048,W,OLYMPIC,BLVD,11048 W OLYMPIC BLVD
15010-20000-02561,1,1 unit,No,Yes,11/12/2015,2015,Before,11,Q4,Q4 2015,90064,2693,"34.04084, -118.41702",34.04084,-118.41702,10501,W,BRADBURY,ROAD,10501 W BRADBURY ROAD
12010-30000-01351,1,1 unit,No,Yes,6/5/2015,2015,Before,6,Q2,Q2 2015,90064,2678,"34.04088, -118.43036",34.04088,-118.43036,2340,S,MIDVALE,AVE,2340 S MIDVALE AVE
16010-30000-06042,1,1 unit,No,Yes,9/1/2017,2017,After,9,Q3,Q3 2017,90064,2678,"34.04105, -118.42807",34.04105,-118.42807,2377,S,GLENDON,AVE,2377 S GLENDON AVE
14010-20000-01161,1,1 unit,No,Yes,6/13/2014,2014,Before,6,Q2,Q2 2014,90064,2693,"34.04127, -118.40424",34.04127,-118.40424,2780,S,CLUB,DR,2780 S CLUB DR
16010-20000-04410,1,1 unit,No,Yes,2/28/2017,2017,After,2,Q1,Q1 2017,90064,2690,"34.04137, -118.39983",34.04137,-118.39983,2716,S,KRIM,DR,2716 S KRIM DR
13010-20000-01552,1,1 unit,No,Yes,9/23/2014,2014,Before,9,Q3,Q3 2014,90064,2690.00,"34.04137, -118.39983",34.04137,-118.39983,2716,S,KRIM,DR,2716 S KRIM DR
13010-30000-03275,1,1 unit,No,Yes,1/13/2014,2014,Exclude,1,Q1,Q1 2014,90064,2693,"34.04158, -118.40686",34.04158,-118.40686,10295,W,CRESTA,DR,10295 W CRESTA DR
13010-20000-00285,1,1 unit,No,Yes,5/17/2013,2013,Exclude,5,Q2,Q2 2013,90064,2678,"34.04158, -118.43231",34.04158,-118.43231,2248,S,KELTON,AVE,2248 S KELTON AVE
18010-30000-02123,1,1 unit,No,Yes,09/28/2018,2018,Exclude,9,Q3,Q3 2018,90064,2690,"34.04169, -118.40014",34.04169,-118.40014,2705,S,KRIM,DR,2705 S KRIM DR
15010-10000-01035,1,1 unit,No,Yes,10/16/2015,2015,Before,10,Q4,Q4 2015,90064,2693,"34.04173, -118.4176",34.04173,-118.4176,2529,S,AIKEN,AVE,2529 S AIKEN AVE
15010-20000-00097,1,1 unit,No,Yes,4/6/2015,2015,Before,4,Q2,Q2 2015,90064,2693,"34.04189, -118.42123",34.04189,-118.42123,10583,W,BLYTHE,AVE,10583 W BLYTHE AVE
14010-10000-03813,1,1 unit,No,Yes,4/24/2015,2015,Before,4,Q2,Q2 2015,90064,2690,"34.04197, -118.40216",34.04197,-118.40216,2770,S,FORRESTER,DR,2770 S FORRESTER DR
12010-20000-02432,1,1 unit,No,Yes,2/1/2013,2013,Exclude,2,Q1,Q1 2013,90064,2693,"34.04199, -118.41657",34.04199,-118.41657,2539,S,PATRICIA,AVE,2539 S PATRICIA AVE
16010-30000-03006,1,1 unit,No,Yes,11/23/2016,2016,After,11,Q4,Q4 2016,90064,2693,"34.04204, -118.41917",34.04204,-118.41917,10549,W,CUSHDON,AVE,10549 W CUSHDON AVE
15010-30000-00340,1,1 unit,No,Yes,9/22/2015,2015,Before,9,Q3,Q3 2015,90064,2690,"34.04213, -118.40249",34.04213,-118.40249,2763,S,FORRESTER,DR,2763 S FORRESTER DR
13010-10000-01795,1,1 unit,No,Yes,8/19/2013,2013,Exclude,8,Q3,Q3 2013,90064,2693,"34.04222, -118.41675",34.04222,-118.41675,2529,S,PATRICIA,AVE,2529 S PATRICIA AVE
17010-30000-03329,1,1 unit,No,Yes,10/27/2017,2017,After,10,Q4,Q4 2017,90064,2690,"34.04268, -118.40266",34.04268,-118.40266,2750,S,FORRESTER,DR,2750 S FORRESTER DR
17010-20000-00144,1,1 unit,No,Yes,4/4/2017,2017,After,4,Q2,Q2 2017,90064,2678,"34.04271, -118.4265",34.04271,-118.4265,2352,S,SELBY,AVE,2352 S SELBY AVE
15010-30000-01028,1,1 unit,No,Yes,7/23/2015,2015,Before,7,Q3,Q3 2015,90064,2678,"34.04274, -118.42685",34.04274,-118.42685,2347,S,SELBY,AVE,2347 S SELBY AVE
18010-20000-01439,1,1 unit,No,Yes,8/27/2018,2018,Exclude,8,Q3,Q3 2018,90064,2678.00,,34.042747,-118.432144,2237,S,MIDVALE,AVE,2237 S MIDVALE AVE
16014-30000-02323,1,1 unit,No,Yes,3/29/2017,2017,After,3,Q1,Q1 2017,90064,2693.00,"34.04283, -118.42148",34.04283,-118.42148,10573,W,AYRES,AVE,10573 W AYRES AVE
17014-10000-05729,1,1 unit,No,Yes,4/18/2018,2018,After,4,Q2,Q2 2018,90064,2678.00,"34.04283, -118.42928",34.04283,-118.42928,2302,S,GLENDON,AVE,2302 S GLENDON AVE
17010-30000-00681,1,1 unit,No,Yes,6/21/2017,2017,After,6,Q2,Q2 2017,90064,2678,"34.04285, -118.42695",34.04285,-118.42695,2343,S,SELBY,AVE,2343 S SELBY AVE
17010-20000-03469,1,1 unit,No,Yes,1/5/2018,2018,After,1,Q1,Q1 2018,90064,2693,"34.04293, -118.41944",34.04293,-118.41944,10537,W,BLYTHE,AVE,10537 W BLYTHE AVE
16010-30000-06084,1,1 unit,No,Yes,4/5/2017,2017,After,4,Q2,Q2 2017,90064,2678,"34.04293, -118.42803",34.04293,-118.42803,2320,S,MALCOLM,AVE,2320 S MALCOLM AVE
18010-30000-00319,1,1 unit,No,Yes,8/6/2018,2018,Exclude,8,Q3,Q3 2018,90064,2678.00,,34.043243,-118.42713,2325,S,SELBY,AVE,2325 S SELBY AVE
16010-20000-00819,1,1 unit,No,Yes,6/17/2016,2016,After,6,Q2,Q2 2016,90064,2679.02,"34.04325, -118.42428",34.04325,-118.42428,2346,S,PELHAM,AVE,2346 S PELHAM AVE
16010-30000-03008,1,1 unit,No,Yes,11/3/2016,2016,After,11,Q4,Q4 2016,90064,2693,"34.04349, -118.4178",34.04349,-118.4178,2463,S,PATRICIA,AVE,2463 S PATRICIA AVE
15010-20000-00204,1,1 unit,No,Yes,9/10/2015,2015,Before,9,Q3,Q3 2015,90064,2690,"34.04358, -118.40416",34.04358,-118.40416,2719,S,FORRESTER,DR,2719 S FORRESTER DR
13010-10000-00816,1,1 unit,No,Yes,10/28/2013,2013,Exclude,10,Q4,Q4 2013,90064,2690,"34.04363, -118.40242",34.04363,-118.40242,2740,S,MCCONNELL,DR,2740 S MCCONNELL DR
17010-10000-00425,1,1 unit,No,Yes,11/8/2017,2017,After,11,Q4,Q4 2017,90064,2690,"34.04366, -118.40387",34.04366,-118.40387,2718,S,FORRESTER,DR,2718 S FORRESTER DR
15010-20000-00203,1,1 unit,No,Yes,9/10/2015,2015,Before,9,Q3,Q3 2015,90064,2690,"34.04366, -118.40416",34.04366,-118.40416,2715,S,FORRESTER,DR,2715 S FORRESTER DR
16010-30000-04592,1,1 unit,No,Yes,3/7/2017,2017,After,3,Q1,Q1 2017,90064,2678,"34.04369, -118.43035",34.04369,-118.43035,2223,S,GLENDON,AVE,2223 S GLENDON AVE
13010-30000-01347,1,1 unit,No,Yes,7/31/2013,2013,Exclude,7,Q3,Q3 2013,90064,2679.02,"34.04392, -118.42486",34.04392,-118.42486,2316,S,PELHAM,AVE,2316 S PELHAM AVE
16010-10000-03513,1,1 unit,No,Yes,1/25/2017,2017,After,1,Q1,Q1 2017,90064,2678,"34.04409, -118.43036",34.04409,-118.43036,2210,S,GLENDON,AVE,2210 S GLENDON AVE
14010-20000-01823,1,1 unit,No,Yes,8/22/2014,2014,Before,8,Q3,Q3 2014,90064,2679.02,"34.04414, -118.42505",34.04414,-118.42505,2306,S,PELHAM,AVE,2306 S PELHAM AVE
15010-20000-00280,1,1 unit,No,Yes,5/4/2015,2015,Before,5,Q2,Q2 2015,90064,2679.02,"34.04418, -118.4224",34.04418,-118.4224,2352,S,PARNELL,AVE,2352 S PARNELL AVE
13010-10000-00338,1,1 unit,No,Yes,7/18/2013,2013,Exclude,7,Q3,Q3 2013,90064,2679.02,"34.04427, -118.42381",34.04427,-118.42381,2324,S,MANNING,AVE,2324 S MANNING AVE
15010-30000-00265,1,1 unit,No,Yes,8/5/2015,2015,Before,8,Q3,Q3 2015,90064,2690,"34.04466, -118.40335",34.04466,-118.40335,2704,S,MONTE MAR,TER,2704 S MONTE MAR TER
15010-30000-00268,1,1 unit,No,Yes,8/5/2015,2015,Before,8,Q3,Q3 2015,90064,2690,"34.04481, -118.4032",34.04481,-118.4032,2708,S,MONTE MAR,TER,2708 S MONTE MAR TER
14010-20000-00349,1,1 unit,No,Yes,5/15/2014,2014,Exclude,5,Q2,Q2 2014,90064,2678,"34.04511, -118.42857",34.04511,-118.42857,2210,S,SELBY,AVE,2210 S SELBY AVE
14010-20000-00628,1,1 unit,No,Yes,4/22/2014,2014,Exclude,4,Q2,Q2 2014,90064,2679.02,"34.04561, -118.42178",34.04561,-118.42178,10556,W,ILONA,AVE,10556 W ILONA AVE
13010-20000-01105,1,1 unit,No,Yes,7/26/2013,2013,Exclude,7,Q3,Q3 2013,90064,2679.02,"34.04614, -118.4191",34.04614,-118.4191,10462,W,ALMAYO,AVE,10462 W ALMAYO AVE
18010-20000-03033,1,1 unit,No,Yes,10/11/2018,2018,Exclude,10,Q4,Q4 2018,90064,2679.02,"34.04622, -118.41895",34.04622,-118.41895,10456,W,ALMAYO,AVE,10456 W ALMAYO AVE
13010-30000-04278,1,1 unit,No,Yes,4/30/2014,2014,Exclude,4,Q2,Q2 2014,90064,2679.02,"34.04631, -118.41925",34.04631,-118.41925,10463,W,ALMAYO,AVE,10463 W ALMAYO AVE
17010-20000-00294,1,1 unit,No,Yes,4/20/2017,2017,After,4,Q2,Q2 2017,90064,2679.02,"34.0465, -118.41897",34.0465,-118.41897,10451,W,ALMAYO,AVE,10451 W ALMAYO AVE
14010-30000-03819,1,1 unit,No,Yes,5/6/2015,2015,Before,5,Q2,Q2 2015,90064,2679.02,"34.04658, -118.41883",34.04658,-118.41883,10437,W,ALMAYO,AVE,10437 W ALMAYO AVE
14010-10000-02776,1,1 unit,No,Yes,11/21/2014,2014,Before,11,Q4,Q4 2014,90064,2679.02,"34.0473, -118.42054",34.0473,-118.42054,2300,S,PATRICIA,AVE,2300 S PATRICIA AVE
16010-30000-05182,1,1 unit,No,Yes,7/19/2017,2017,After,7,Q3,Q3 2017,90064,2679.02,"34.04766, -118.42063",34.04766,-118.42063,10469,W,TENNESSEE,AVE,10469 W TENNESSEE AVE
16010-10000-06180,1,1 unit,No,Yes,2/12/2018,2018,After,2,Q1,Q1 2018,90064,2679.02,"34.04799, -118.41778",34.04799,-118.41778,10392,W,ILONA,AVE,10392 W ILONA AVE
13010-10000-01166,33,20-49 units,No,Yes,11/25/2013,2013,Exclude,11,Q4,Q4 2013,90064,2679.02,"34.04948, -118.41336",34.04948,-118.41336,10270,W,ALMAYO,AVE,10270 W ALMAYO AVE
15010-30000-00168,1,1 unit,No,Yes,4/2/2015,2015,Before,4,Q2,Q2 2015,90064,2679.02,"34.05028, -118.41746",34.05028,-118.41746,10346,W,KESWICK,AVE,10346 W KESWICK AVE
15010-10000-01997,8,5-19 units,No,Yes,5/12/2016,2016,Before,5,Q2,Q2 2016,90064,2679.02,"34.0503, -118.41473",34.0503,-118.41473,2321,S,FOX HILLS,DR,2321 S FOX HILLS DR
13010-10000-01571,22,20-49 units,No,Yes,11/12/2014,2014,Before,11,Q4,Q4 2014,90064,2679.02,"34.05148, -118.41542",34.05148,-118.41542,2250,S,FOX HILLS,DR,2250 S FOX HILLS DR