permit_number,case_number,unique_id,type,duplicate,address,zip,application_date,permitted,permit_date,application_quarter,permit_quarter,tier,lat,long,eli,vli,li,uncat,total_affordable,market_rate,units,building_size,pct_affordable,affordability,orig_order
15010-10003-03531,,15010-10003-03531,by-right,No,4121 W SANTA MONICA BLVD,90029,,Yes,08/23/2018,,,,34.09205,-118.28241,5,0,0,0,5,36,41,020-049 units,0.12,10-19%,48
16010-10000-05000,,16010-10000-05000,by-right,No,5050 W PICO BLVD,90019,,No,N/A,,,,34.04771,-118.34793,8,0,0,0,8,71,79,050-099 units,0.10,10-19%,1
16010-10000-05342,,16010-10000-05342,by-right,No,1053 S FEDORA ST 1-40,90006,,No,N/A,,,,34.05119,-118.29810,0,5,0,0,5,35,40,020-049 units,0.13,10-19%,2
17010-10000-00027,,17010-10000-00027,by-right,No,5460 W FOUNTAIN AVE,90029,,Yes,01/16/2019,,,,34.09468,-118.30875,0,0,0,0,0,49,49,020-049 units,0.00,N/A,3
17010-10000-02540,,17010-10000-02540,by-right,No,8750 S VERMONT AVE,90044,,Yes,03/29/2018,,,,33.95806,-118.29136,0,0,20,0,20,1,21,020-049 units,0.95,90+%,8
17010-10000-02542,,17010-10000-02542,by-right,No,957 W 88TH ST 1-41,90044,,Yes,03/29/2018,,,,33.95808,-118.29055,0,0,40,0,40,1,41,020-049 units,0.98,90+%,9
17010-10000-02557,,17010-10000-02557,by-right,No,723 S ST ANDREWS PL,90005,,Yes,05/21/2019,,,,34.05882,-118.31130,0,0,0,0,0,65,65,050-099 units,0.00,N/A,7
17010-10000-04195,,17010-10000-04195,by-right,No,1180 S LA BREA AVE,90019,,No,N/A,,,,34.05385,-118.34333,0,6,0,0,6,61,67,050-099 units,0.09,<10%,12
17010-10000-04353,,17010-10000-04353,by-right,No,2465 Purdue Ave,90064,,No,N/A,,,,34.03262,-118.43944,0,0,0,0,0,17,17,010-019 units,0.00,N/A,14
17010-10000-04508,,17010-10000-04508,by-right,No,3741 S MOTOR AVE,90034,,Yes,02/13/2019,,,,34.02157,-118.40525,0,3,0,0,3,27,30,020-049 units,0.10,10-19%,15
17010-10000-04994,,17010-10000-04994,by-right,No,428 S ROBERTSON BLVD 1-37,90048,,Yes,07/12/2018,,,,34.07128,-118.38361,3,0,0,0,3,34,37,020-049 units,0.08,<10%,16
17010-10000-05023,,17010-10000-05023,by-right,No,8721 S BROADWAY,90003,,No,N/A,,,,33.95809,-118.27843,0,0,0,60,60,0,60,050-099 units,1.00,90+%,19
17010-10000-05024,,17010-10000-05024,by-right,No,321 W 88TH ST,90003,,No,N/A,,,,33.95745,-118.27914,0,0,0,6,6,0,6,005-009 units,1.00,90+%,18
17010-10000-05025,,17010-10000-05025,by-right,No,321 W 88TH ST B,90003,,No,N/A,,,,33.95745,-118.27914,0,0,0,7,7,0,7,005-009 units,1.00,90+%,20
17010-10000-05027,,17010-10000-05027,by-right,No,321 W 88TH ST C,90003,,No,N/A,,,,33.95745,-118.27914,0,0,0,5,5,0,5,005-009 units,1.00,90+%,21
17010-10000-05028,,17010-10000-05028,by-right,No,321 W 88TH ST CR,90003,,No,N/A,,,,33.95745,-118.27914,0,0,0,5,5,0,5,005-009 units,1.00,90+%,22
17010-10000-05029,,17010-10000-05029,by-right,No,321 W 88TH ST C1.5,90003,,No,N/A,,,,33.95745,-118.27914,0,0,0,5,5,0,5,005-009 units,1.00,90+%,23
17010-10000-05030,,17010-10000-05030,by-right,No,321 W 88TH ST CR1,90003,,No,N/A,,,,33.95745,-118.27914,0,0,0,5,5,0,5,005-009 units,1.00,90+%,24
17010-10000-05031,,17010-10000-05031,by-right,No,321 W 88TH ST BR,90003,,No,N/A,,,,33.95745,-118.27914,0,0,0,7,7,0,7,005-009 units,1.00,90+%,25
17010-10000-05032,,17010-10000-05032,by-right,No,321 W 88TH ST AR,90003,,No,N/A,,,,33.95745,-118.27914,0,0,0,6,6,0,6,005-009 units,1.00,90+%,26
17010-10002-01522,,17010-10002-01522,by-right,No,5335 W ADAMS BLVD 1-60,90016,,Yes,10/31/2018,,,,34.03265,-118.35663,0,7,0,0,7,11,18,010-019 units,0.39,30-40%,55
17010-20000-00222,,17010-20000-00222,by-right,No,8548 N RESEDA BLVD,91324,,No,N/A,,,,34.22606,-118.53587,0,5,0,0,5,34,39,020-049 units,0.13,10-19%,4
17010-20000-03549,,17010-20000-03549,by-right,No,8867 Alcott St,90035,,No,N/A,,,,34.05422,-118.38609,2,0,0,0,2,15,17,010-019 units,0.12,10-19%,10
17010-20000-04073,,17010-20000-04073,by-right,No,166 S ALVARADO ST,90057,10/24/17,Yes,12/28/2018,,,,34.06490,-118.27125,7,4,72,0,83,1,84,050-099 units,0.99,90+%,11
17010-20000-04274,,17010-20000-04274,by-right,No,1015 E VENICE BLVD,90291,,No,N/A,,,,33.99440,-118.45258,0,0,0,0,0,56,56,050-099 units,0.00,N/A,13
17010-20000-05001,,17010-20000-05001,by-right,No,10400 W SANTA MONICA BLVD,90025,12/20/17,No,N/A,,,Tier 3,34.05702,-118.42411,0,0,0,0,0,121,121,100-199 units,0.00,N/A,17
17010-20000-05064,,17010-20000-05064,by-right,No,226 N LAKE ST,90026,,Yes,12/19/2018,,,,34.06878,-118.27010,0,5,0,0,5,31,36,020-049 units,0.14,10-19%,27
17010-30000-01077,,17010-30000-01077,by-right,No,6211 S VERMONT AVE #1-15,90044,,Yes,08/22/2018,,,,33.98280,-118.29168,0,0,15,0,15,0,15,010-019 units,1.00,90+%,6
17010-70000-00628,,17010-70000-00628,by-right,No,121 S BREED ST 1-9,90033,,No,N/A,,,,34.04368,-118.21159,0,1,0,0,1,8,9,005-009 units,0.11,10-19%,5
17010-70000-05112,,17010-70000-05112,by-right,No,1839 S GRAMERCY PL,90019,,No,N/A,,,,34.04053,-118.31325,0,0,0,0,0,7,7,005-009 units,0.00,N/A,28
18010-10000-00228,,18010-10000-00228,by-right,No,132 N ROSEMONT AVE,90026,,No,N/A,,,,34.06864,-118.27209,0,2,0,0,2,12,14,010-019 units,0.14,10-19%,32
18010-10000-00377,,18010-10000-00377,by-right,No,837 S FEDORA ST,90005,,No,N/A,,,,34.05665,-118.29780,0,7,0,0,7,68,75,050-099 units,0.09,<10%,36
18010-10000-00378,,18010-10000-00378,by-right,No,840 S MARIPOSA AVE,90005,,No,N/A,,,,34.05651,-118.29857,0,7,0,0,7,91,98,050-099 units,0.07,<10%,37
18010-10000-00427,,18010-10000-00427,by-right,No,1332 W COLORADO BLVD,90041,,No,N/A,,,,34.13910,-118.19419,3,0,0,0,3,28,31,020-049 units,0.10,10-19%,34
18010-10000-00801,,18010-10000-00801,by-right,No,4604 S WESTERN AVE,90062,,No,N/A,,,,34.00167,-118.30875,0,0,48,0,48,1,49,020-049 units,0.98,90+%,56
18010-10000-00890,,18010-10000-00890,by-right,No,950 S BERENDO ST,90006,,No,N/A,,,,34.05416,-118.29358,8,0,0,0,8,69,77,050-099 units,0.10,10-19%,39
18010-10000-00910,,18010-10000-00910,by-right,No,410 E FLORENCE AVE,90003,,Yes,01/18/2019,,,,33.97456,-118.26709,50,0,0,0,50,1,51,050-099 units,0.98,90+%,41
18010-10000-01046,,18010-10000-01046,by-right,No,924 S CATALINA ST,90006,,Yes,05/03/2019,,,,34.05498,-118.29523,0,0,0,0,0,30,30,020-049 units,0.00,N/A,42
18010-10000-01056,,18010-10000-01056,by-right,No,2602 S ORANGE DR,90016,,Yes,01/30/2019,,,,34.03224,-118.35330,0,3,0,0,3,22,25,020-049 units,0.12,10-19%,49
18010-10000-01153,,18010-10000-01153,by-right,No,5801 W PICO BLVD,90019,,No,N/A,,,,34.05130,-118.36467,7,0,0,0,7,73,80,050-099 units,0.09,<10%,43
18010-10000-01200,,18010-10000-01200,by-right,No,1950 S NORMANDIE AVE,90007,,No,N/A,,,,34.03871,-118.30013,0,2,0,0,2,11,13,010-019 units,0.15,10-19%,44
18010-10000-01300,,18010-10000-01300,by-right,No,12335 W OSBORNE PL,91331,,No,N/A,,,,34.26000,-118.40179,0,0,0,0,0,16,16,010-019 units,0.00,N/A,47
18010-10000-01669,,18010-10000-01669,by-right,No,602 S WESTLAKE AVE,90057,,No,N/A,,,,34.05886,-118.27354,7,0,0,0,7,56,63,050-099 units,0.11,10-19%,50
18010-10000-01769,,18010-10000-01769,by-right,No,336-350 W 7TH ST,90731,,No,N/A,,,,33.73798,-118.28464,3,0,0,0,3,29,32,020-049 units,0.09,<10%,65
18010-10000-01856,,18010-10000-01856,by-right,No,4800 S AVALON BLVD,90011,,Yes,01/17/2019,,,,33.99959,-118.26504,3,0,0,0,3,30,33,020-049 units,0.09,<10%,53
18010-10000-02079,,18010-10000-02079,by-right,No,4000 W 6TH ST,90020,,No,N/A,,,,34.06338,-118.31064,8,0,0,0,8,43,51,050-099 units,0.16,10-19%,57
18010-10000-02328,,18010-10000-02328,by-right,No,5301 Sierra Vista Ave,90029,,No,N/A,,,,34.09003,-118.30673,5,0,0,0,5,40,45,020-049 units,0.11,10-19%,73
18010-10000-02508,,18010-10000-02508,by-right,No,807 N HARVARD BLVD,90029,,No,N/A,,,,34.08497,-118.30407,0,0,0,0,0,17,17,010-019 units,0.00,N/A,60
18010-10000-02991,,18010-10000-02991,by-right,No,11668 DARLINGTON AVE,90049,,No,N/A,,,,34.05304,-118.46343,0,0,0,0,0,17,17,010-019 units,0.00,N/A,67
18010-10000-03058,,18010-10000-03058,by-right,No,10981 W COVENTRY PL,90064,,No,N/A,,,,34.02902,-118.42518,0,0,0,0,0,14,14,010-019 units,0.00,N/A,68
18010-10000-03096,,18010-10000-03096,by-right,No,348 S BERENDO ST,90020,,No,N/A,,,,34.06769,-118.29398,4,0,0,0,4,52,56,050-099 units,0.07,<10%,69
18010-10000-03175,,18010-10000-03175,by-right,No,1300 S WESTWOOD BLVD,90024,,No,N/A,,,,34.05684,-118.44247,4,0,0,0,4,29,33,020-049 units,0.12,10-19%,85
18010-10000-03263,,18010-10000-03263,by-right,No,366 Loma Dr,90017,,No,N/A,,,,34.05902,-118.26623,4,0,0,0,4,35,39,020-049 units,0.10,10-19%,88
18010-10000-03330,,18010-10000-03330,by-right,No,700 N SPAULDING AVE,90046,,No,N/A,,,,34.08357,-118.35737,2,0,0,0,2,22,24,020-049 units,0.08,<10%,74
18010-10000-03490,,18010-10000-03490,by-right,No,941 N MARTEL AVE,90046,,No,N/A,,,,34.08823,-118.35125,0,2,0,0,2,12,14,010-019 units,0.14,10-19%,76
18010-10000-03514,,18010-10000-03514,by-right,No,503 S WESTLAKE AVE,90057,,No,N/A,,,,34.05970,-118.27350,4,0,0,0,4,32,36,020-049 units,0.11,10-19%,78
18010-10000-03620,,18010-10000-03620,by-right,No,329 S BONNIE BRAE ST,90057,,No,N/A,,,,34.06114,-118.27086,0,6,0,0,6,24,30,020-049 units,0.20,20-29%,80
18010-10000-03646,,18010-10000-03646,by-right,No,1550 Pleasant Ave,90033,,No,N/A,,,,34.04838,-118.22094,0,0,0,0,0,34,34,020-049 units,0.00,N/A,81
18010-10000-03680,,18010-10000-03680,by-right,No,856 S GRAMERCY DR,90005,,No,N/A,,,,34.05643,-118.31205,6,0,0,0,6,47,53,050-099 units,0.11,10-19%,82
18010-10000-03716,,18010-10000-03716,by-right,No,1540 S ST ANDREWS PL,90019,,No,N/A,,,,34.04409,-118.31142,0,0,0,0,0,48,48,020-049 units,0.00,N/A,83
18010-10000-03800,,18010-10000-03800,by-right,No,2657 N PASADENA AVE,90031,,No,N/A,,,,34.07837,-118.21526,0,0,0,21,21,0,21,020-049 units,1.00,90+%,84
18010-10000-03833,,18010-10000-03833,by-right,No,1532 W CAMBRIA ST,90017,,Yes,12/07/2018,,,,34.05260,-118.27097,7,49,0,0,56,1,57,050-099 units,0.98,90+%,86
18010-10000-03930,,18010-10000-03930,by-right,No,3641 Motor Ave,90034,,No,N/A,,,,34.02382,-118.40673,3,0,0,0,3,27,30,020-049 units,0.10,10-19%,93
18010-10000-04013,,18010-10000-04013,by-right,No,4804 W OAKWOOD AVE,90004,,No,N/A,,,,34.07712,-118.31161,0,0,0,0,0,30,30,020-049 units,0.00,N/A,95
18010-10000-04032,,18010-10000-04032,by-right,No,6753 Selma Ave,90028,,No,N/A,,,,34.09981,-118.33766,0,8,0,0,8,43,51,050-099 units,0.16,10-19%,105
18010-10000-04038,,18010-10000-04038,by-right,No,831 S WESTLAKE AVE,90057,,No,N/A,,,,34.05353,-118.27735,8,0,0,0,8,67,75,050-099 units,0.11,10-19%,89
18010-10000-04084,,18010-10000-04084,by-right,No,549 N HELIOTROPE DR,90004,,No,N/A,,,,34.08053,-118.29545,0,3,0,0,3,14,17,010-019 units,0.18,10-19%,94
18010-10000-04171,,18010-10000-04171,by-right,No,6527 S CRENSHAW BLVD,90043,,No,N/A,,,,33.97984,-118.33113,0,5,0,0,5,38,43,020-049 units,0.12,10-19%,99
18010-10000-04286,,18010-10000-04286,by-right,No,937 E 25TH ST,90011,,No,N/A,,,,34.02030,-118.25559,0,0,0,0,0,27,27,020-049 units,0.00,N/A,97
18010-10000-04501,,18010-10000-04501,by-right,No,2424 E MICHIGAN AVE Units 1-17,90033,,No,N/A,,,,34.04472,-118.20794,0,0,0,0,0,17,17,010-019 units,0.00,N/A,101
18010-10000-04650,,18010-10000-04650,by-right,No,2025 E NEW JERSEY ST,90033,,No,N/A,,,,34.04784,-118.21239,0,0,0,15,15,0,15,010-019 units,1.00,90+%,104
18010-10000-04760,,18010-10000-04760,by-right,No,5109 W ADAMS BLVD,90016,,No,N/A,,,Tier 2,34.03267,-118.35216,0,0,0,0,0,69,69,050-099 units,0.00,N/A,108
18010-10000-04774,,18010-10000-04774,by-right,No,3844 W 27TH ST,90018,,No,N/A,,,,34.03108,-118.32685,2,0,0,0,2,23,25,020-049 units,0.08,<10%,107
18010-10000-04915,,18010-10000-04915,by-right,No,925 S ST ANDREWS PL,90019,10/11/18,No,N/A,,,,34.05503,-118.31129,0,0,0,0,0,23,23,020-049 units,0.00,N/A,109
18010-10000-04923,,18010-10000-04923,by-right,No,610 N HARVARD BLVD,90004,,No,N/A,,,,34.08218,-118.30448,0,0,0,1,1,9,10,010-019 units,0.11,10-19%,110
18010-10000-05193,,18010-10000-05193,by-right,No,6001 W OLYMPIC BLVD,90036,,No,N/A,,,,34.05804,-118.36188,6,0,0,0,6,51,57,050-099 units,0.11,10-19%,115
18010-10000-05319,,18010-10000-05319,by-right,No,8101 N SAN FERNANDO ROAD,91352,,No,N/A,,,,34.21760,-118.36711,0,6,0,0,6,39,45,020-049 units,0.13,10-19%,113
18010-10000-05385,,18010-10000-05385,by-right,No,5717 W CARLTON WAY,90028,,No,N/A,,,,34.10061,-118.31425,4,0,0,0,4,35,39,020-049 units,0.10,10-19%,112
18010-10000-05399,,18010-10000-05399,by-right,No,1522 N CASSIL PL,90028,11/16/18,No,N/A,,,,34.09870,-118.33367,0,0,0,0,0,0,0,??,#DIV/0!,??,116
18010-10000-05485,,18010-10000-05485,by-right,No,837 W 82ND ST,90044,,No,N/A,,,,33.96438,-118.28851,16,0,0,0,16,1,17,010-019 units,0.94,90+%,114
18010-10000-05769,,18010-10000-05769,by-right,No,3170 W OLYMPIC BLVD,90006,12/3/18,No,N/A,,,,34.05238,-118.30549,0,0,0,28,28,224,252,200+ units,0.11,10-19%,118
18010-10000-05781,,18010-10000-05781,by-right,No,1602 W ADAMS BLVD,90007,,No,N/A,,,,34.03252,-118.29751,0,0,0,1,1,12,13,010-019 units,0.11,10-19%,117
18010-10000-05899,,18010-10000-05899,by-right,No,905 S VERMONT AVE,90006,,No,N/A,,,,34.05569,-118.29179,0,0,0,7,7,60,67,050-099 units,0.11,10-19%,120
18010-10000-05900,,18010-10000-05900,by-right,No,6200 S BROADWAY,90003,,No,N/A,,,,33.98310,-118.27810,4,0,0,0,4,14,18,010-019 units,0.22,20-29%,121
18010-10000-05928,,18010-10000-05928,by-right,No,1808 S LINCOLN BLVD,90291,12/11/18,No,N/A,,,,33.99634,-118.45710,0,0,0,0,0,0,0,??,#DIV/0!,??,122
18010-10000-06045,,18010-10000-06045,by-right,No,2432 E CINCINNATI ST,90033,,No,N/A,,,,34.04711,-118.20625,0,0,4,0,4,12,16,010-019 units,0.25,20-29%,127
18010-10000-06057,,18010-10000-06057,by-right,No,904 S NEW HAMPSHIRE AVE,90006,,No,N/A,,,,34.05568,-118.29273,0,0,0,3,3,25,28,020-049 units,0.11,10-19%,128
18010-10000-06223,,18010-10000-06223,by-right,No,1621 N MCCADDEN PL,90028,,No,N/A,,,,34.10036,-118.33708,0,0,0,8,8,61,69,050-099 units,0.11,10-19%,130
18010-20000-00087,,18010-20000-00087,by-right,No,11470 W COLLINS ST,91601,,No,N/A,,,,34.17383,-118.38134,0,0,0,0,0,14,14,010-019 units,0.00,N/A,29
18010-20000-00102,,18010-20000-00102,by-right,No,5891 W OLYMPIC BLVD,90036,,No,N/A,,,,34.05767,-118.35941,5,0,0,0,5,41,46,020-049 units,0.11,10-19%,30
18010-20000-00247,,18010-20000-00247,by-right,No,10737 W HORTENSE ST,91602,,Yes,05/15/2019,,,,34.15487,-118.36502,0,1,0,0,1,7,8,005-009 units,0.13,10-19%,33
18010-20000-00590,,18010-20000-00590,by-right,No,7306 N INDEPENDENCE AVE,91303,,No,N/A,,,,34.20310,-118.59049,0,0,0,0,0,12,12,010-019 units,0.00,N/A,38
18010-20000-00905,,18010-20000-00905,by-right,No,3524 S CHESAPEAKE AVE #1 - #27,90016,,No,N/A,,,,34.02305,-118.34505,3,0,0,0,3,21,24,020-049 units,0.13,10-19%,40
18010-20000-01220,,18010-20000-01220,by-right,No,8444 N COLUMBUS AVE 1-25,91343,,No,N/A,,,,34.22419,-118.46503,2,0,0,0,2,23,25,020-049 units,0.08,<10%,45
18010-20000-01237,,18010-20000-01237,by-right,No,724 Gramercy Dr,90005,,No,N/A,,,,34.05892,-118.31206,1,0,0,0,1,9,10,010-019 units,0.10,10-19%,46
18010-20000-01663,,18010-20000-01663,by-right,No,8802 N VAN NUYS BLVD 1-24,91402,,No,N/A,,,,34.23010,-118.45006,2,0,0,0,2,20,22,020-049 units,0.09,<10%,51
18010-20000-01788,,18010-20000-01788,by-right,No,14848 W DELANO ST,91411,,Yes,03/22/2019,,,,34.18250,-118.45687,1,0,0,0,1,9,10,010-019 units,0.10,10-19%,52
18010-20000-01941,,18010-20000-01941,by-right,No,14541 Gilmore St,91411,,No,N/A,,,,34.18781,-118.45022,3,0,0,0,3,28,31,020-049 units,0.10,10-19%,54
18010-20000-02327,,18010-20000-02327,by-right,No,9007 Ramsgate Ave,90045,,No,N/A,,,,33.95497,-118.38280,6,0,0,0,6,23,29,020-049 units,0.21,20-29%,58
18010-20000-02449,,18010-20000-02449,by-right,No,1543 W 12TH ST,90015,,No,N/A,,,,34.04610,-118.27550,2,0,0,0,2,16,18,010-019 units,0.11,10-19%,59
18010-20000-02571,,18010-20000-02571,by-right,No,11514 CUMPSTON ST,91601,,No,N/A,,,,34.16955,-118.38282,2,0,0,0,2,9,11,010-019 units,0.18,10-19%,62
18010-20000-02713,,18010-20000-02713,by-right,No,6506 S MAIN ST,90003,,No,N/A,,,,33.98027,-118.27376,0,0,0,0,0,20,20,020-049 units,0.00,N/A,64
18010-20000-02967,,18010-20000-02967,by-right,No,6904 N ETON AVE,91303,,No,N/A,,,,34.19583,-118.59532,0,0,0,0,0,21,21,020-049 units,0.00,N/A,66
18010-20000-03120,,18010-20000-03120,by-right,No,1525 W 8TH ST,90017,,No,N/A,,,,34.05210,-118.27133,0,0,0,0,0,43,43,020-049 units,0.00,N/A,70
18010-20000-03211,,18010-20000-03211,by-right,No,7620 S FIGUEROA ST 1-40,90003,,No,N/A,,,,33.97012,-118.28249,4,0,0,0,4,36,40,020-049 units,0.10,10-19%,71
18010-20000-03215,,18010-20000-03215,by-right,No,2537 E 4TH ST,90033,,No,N/A,,,,34.03972,-118.20943,2,0,0,0,2,12,14,010-019 units,0.14,10-19%,72
18010-20000-03353,,18010-20000-03353,by-right,No,916 N ALVARADO ST,90026,,No,N/A,,,,34.07580,-118.26438,0,3,0,0,3,24,27,020-049 units,0.11,10-19%,75
18010-20000-03563,,18010-20000-03563,by-right,No,222 N MANHATTAN PL,90004,,No,N/A,,,,34.07541,-118.31012,2,0,0,0,2,14,16,010-019 units,0.13,10-19%,79
18010-20000-04037,,18010-20000-04037,by-right,No,7417-7421 S BROADWAY,90003,,No,N/A,,,,33.97210,-118.27849,0,0,0,0,0,33,33,020-049 units,0.00,N/A,90
18010-20000-04039,,18010-20000-04039,by-right,No,8884 S VERMONT AVE,90044,,No,N/A,,,,33.95644,-118.29137,0,0,0,0,0,22,22,020-049 units,0.00,N/A,91
18010-20000-04040,,18010-20000-04040,by-right,No,6430 S VERMONT AVE,90044,,No,N/A,,,,33.98024,-118.29132,0,0,0,0,0,24,24,020-049 units,0.00,N/A,92
18010-20000-04194,,18010-20000-04194,by-right,No,5814 W LA MIRADA AVE,90038,,No,N/A,,,,34.09365,-118.31620,0,0,0,0,0,16,16,010-019 units,0.00,N/A,96
18010-20000-04447,,18010-20000-04447,by-right,No,5817 W LEXINGTON AVE 1-21,90038,,No,N/A,,,,34.09288,-118.31636,3,0,0,0,3,18,21,020-049 units,0.14,10-19%,100
18010-20000-04632,,18010-20000-04632,by-right,No,1456 N LOGAN ST,90026,,No,N/A,,,,34.07983,-118.25663,0,0,0,0,0,10,10,010-019 units,0.00,N/A,103
18010-20000-05125,,18010-20000-05125,by-right,No,11155 W HUSTON ST,91601,,No,N/A,,,,34.15988,-118.37347,8,0,0,0,8,16,24,020-049 units,0.33,30-40%,111
18010-20000-05890,,18010-20000-05890,by-right,No,14715 W BLYTHE ST #1-26,91402,,No,N/A,,,,34.21531,-118.45356,0,0,6,0,6,20,26,020-049 units,0.23,20-29%,119
18010-20000-05963,,18010-20000-05963,by-right,No,1303 S ORANGE GROVE AVE,90019,,No,N/A,,,,34.05299,-118.36508,0,0,0,4,4,28,32,020-049 units,0.11,10-19%,123
18010-20000-05981,,18010-20000-05981,by-right,No,2347 Ocean View Ave,90057,,No,N/A,,,,34.06285,-118.27706,0,3,0,0,3,17,20,020-049 units,0.15,10-19%,124
18010-20000-05987,,18010-20000-05987,by-right,No,611 W 82ND ST,90044,,No,N/A,,,,33.96456,-118.28459,0,0,0,2,2,17,19,010-019 units,0.11,10-19%,125
18010-20000-05988,,18010-20000-05988,by-right,No,7800 S WESTERN AVE 1-20,90047,,No,N/A,,,,33.96893,-118.30879,0,0,0,2,2,18,20,020-049 units,0.11,10-19%,126
18010-20000-06114,,18010-20000-06114,by-right,No,10934 W PEACH GROVE ST,91601,,No,N/A,,,,34.15891,-118.36916,1,0,0,0,1,10,11,010-019 units,0.09,<10%,129
18010-20000-06250,,18010-20000-06250,by-right,No,4826 W FRANKLIN AVE,90027,,No,N/A,,,,34.10529,-118.29543,1,0,0,0,1,6,7,005-009 units,0.14,10-19%,131
18010-30000-00179,,18010-30000-00179,by-right,No,1251 S WEST BLVD,90019,,No,N/A,,,,34.05000,-118.33337,0,3,0,0,3,17,20,020-049 units,0.15,10-19%,31
18010-30000-02518,,18010-30000-02518,by-right,No,1319 S ORANGE GROVE AVE,90019,,No,N/A,,,,34.05270,-118.36521,4,0,0,0,4,29,33,020-049 units,0.12,10-19%,61
18010-30000-02640,,18010-30000-02640,by-right,No,5314 Cartwright Ave,91601,,No,N/A,,,,34.16761,-118.36305,0,9,0,0,9,41,50,050-099 units,0.18,10-19%,63
18010-30000-03511,,18010-30000-03511,by-right,No,11280 W PEACH GROVE ST,91601,,Yes,02/11/2019,,,,34.15901,-118.37715,2,0,0,0,2,19,21,020-049 units,0.10,10-19%,77
18010-30000-03845,,18010-30000-03845,by-right,No,1444 REXFORD DR,90035,,No,N/A,,,,34.05364,-118.39413,3,0,0,0,3,26,29,020-049 units,0.10,10-19%,87
18010-30000-04300,,18010-30000-04300,by-right,No,1120 S SERRANO AVE,90006,,No,N/A,,,,34.05014,-118.30618,0,0,0,0,0,52,52,050-099 units,0.00,N/A,98
18010-30000-04577,,18010-30000-04577,by-right,No,5550 W PICO BLVD,90019,,No,N/A,,,,34.04945,-118.35966,0,0,10,0,10,34,44,020-049 units,0.23,20-29%,102
18010-70000-04813,,18010-70000-04813,by-right,No,2642 S BRIGHTON AVE,90018,,No,N/A,,,,34.03134,-118.30133,0,0,1,0,1,5,6,005-009 units,0.17,10-19%,106
18014-10000-00722,,18014-10000-00722,by-right,No,4731 W 23RD ST,90016,,No,N/A,,,,34.03506,-118.34314,0,0,0,0,0,7,7,005-009 units,0.00,N/A,35
,DIR-2018-6630-TOC,DIR-2018-6630-TOC,discretionary,Yes,3844 W 27th St,90018,11/13/18,,,,,,34.03108,-118.32685,2,0,0,0,2,23,25,020-049 units,0.08,30+%,
,DIR-2017-4736-TOC,DIR-2017-4736-TOC,discretionary,No,426 Robertson Blvd,90048,11/15/17,,,,,,34.07189,-118.38361,3,0,0,0,3,34,37,020-049 units,0.08,<10%,
,DIR-2018-1500-TOC-SPR,DIR-2018-1500-TOC-SPR,discretionary,No,7401 Lankershim Blvd,91605,3/16/18,,,,,,34.20484,-118.38798,0,9,0,0,9,99,108,100-199 units,0.08,<10%,
,DIR-2017-804-TOC,DIR-2017-804-TOC,discretionary,No,505 Silver Lake Blvd,90026,#N/A,,,,,,34.07800,-118.28001,5,0,0,0,5,55,60,050-099 units,0.08,<10%,
,DIR-2017-4551-TOC,DIR-2017-4551-TOC,discretionary,No,5122 Maplewood Ave,90004,11/7/17,,,,,,34.08019,-118.31434,2,0,0,0,2,22,24,020-049 units,0.08,<10%,
,DIR-2018-4879-TOC-WDI,DIR-2018-4879-TOC-WDI,discretionary,No,7673 Melrose Ave,90046,#N/A,,,,,,34.08386,-118.35713,2,0,0,0,2,22,24,020-049 units,0.08,<10%,
,DIR-2018-7363-TOC,DIR-2018-7363-TOC,discretionary,No,11837 Hart St,91605,12/13/18,,,,,,34.19767,-118.39117,1,0,0,0,1,11,12,010-019 units,0.08,<10%,
,DIR-2017-1735-TOC-SPR-CDO,DIR-2017-1735-TOC-SPR-CDO,discretionary,No,8521 Sepulveda Blvd,90045,#N/A,,,,,,33.96075,-118.39635,8,0,0,0,8,87,95,050-099 units,0.08,<10%,
,DIR-2018-2653-TOC-SPP,DIR-2018-2653-TOC-SPP,discretionary,No,1363 Colton St,90026,5/8/18,,,,,,34.06386,-118.25844,4,0,0,0,4,43,47,020-049 units,0.09,<10%,
,DIR-2018-2918-TOC,DIR-2018-2918-TOC,discretionary,No,433 Rosenell Ter,90026,5/18/18,,,,,,34.07220,-118.27106,4,0,0,0,4,43,47,020-049 units,0.09,<10%,
,DIR-2018-6634-TOC,DIR-2018-6634-TOC,discretionary,No,1251 W Sunset Blvd,90026,11/13/18,,,,,,34.06978,-118.25025,6,0,0,0,6,64,70,050-099 units,0.09,<10%,
,DIR-2018-2887-TOC,DIR-2018-2887-TOC,discretionary,No,2335 W Temple St,90026,5/17/18,,,,,,34.07159,-118.27154,3,0,0,0,3,32,35,020-049 units,0.09,<10%,
,DIR-2018-6904-TOC,DIR-2018-6904-TOC,discretionary,No,955 S Ardmore Ave,90006,11/27/18,,,,,,34.05399,-118.30220,3,0,0,0,3,31,34,020-049 units,0.09,<10%,
,DIR-2017-5278-TOC-SPR,DIR-2017-5278-TOC-SPR,discretionary,No,1947 Sawtelle Blvd,90025,#N/A,,,,,,34.04125,-118.44411,8,0,0,0,8,80,88,050-099 units,0.09,<10%,
,DIR-2018-6956-TOC-SPR,DIR-2018-6956-TOC-SPR,discretionary,No,1275 W Sunset Blvd,90026,11/28/18,,,,,,34.07052,-118.25026,7,0,0,0,7,70,77,050-099 units,0.09,<10%,
,DIR-2013-2331-TOC,DIR-2013-2331-TOC,discretionary,No,2138 Westwood Blvd,90025,#N/A,,,,,,34.04479,-118.43230,7,0,0,0,7,70,77,050-099 units,0.09,<10%,
,DIR-2018-2736-TOC,DIR-2018-2736-TOC,discretionary,No,4658 Melrose Ave,90029,5/10/18,,,,,,34.08343,-118.30228,6,0,0,0,6,60,66,050-099 units,0.09,<10%,
,DIR-2018-3460-TOC,DIR-2018-3460-TOC,discretionary,No,14822 Delano St,91411,6/14/18,,,,,,34.18250,-118.45622,1,0,0,0,1,10,11,010-019 units,0.09,<10%,
,DIR-2018-6218-TOC,DIR-2018-6218-TOC,discretionary,No,6550 S Normandie Ave,90044,10/24/18,,,,,,33.97968,-118.30010,6,0,0,0,6,58,64,050-099 units,0.09,<10%,
,DIR-2018-5925-TOC,DIR-2018-5925-TOC,discretionary,No,1537 S Wilton Pl,90019,10/11/18,,,,,,34.04420,-118.31468,2,0,0,0,2,19,21,020-049 units,0.10,10-19%,
,DIR-2017-2919-TOC,DIR-2017-2919-TOC,discretionary,No,5610 Camellia Ave,91601,#N/A,,,,,,34.17257,-118.38211,0,6,0,0,6,56,62,050-099 units,0.10,10-19%,
,DIR-2018-3952-TOC-CDO,DIR-2018-3952-TOC-CDO,discretionary,Yes,14541 Gilmore St,91411,7/5/18,,,,,,34.18781,-118.45022,3,0,0,0,3,28,31,020-049 units,0.10,10-19%,
,DIR-2017-441-TOC,DIR-2017-441-TOC,discretionary,No,1759 N Gower St,90028,#N/A,,,,,,34.10311,-118.32262,0,3,0,0,3,28,31,020-049 units,0.10,10-19%,
,DIR-2017-3720-TOC,DIR-2017-3720-TOC,discretionary,No,966 S Kenmore Ave,90006,#N/A,,,,,,34.05364,-118.29671,0,4,0,0,4,37,41,020-049 units,0.10,10-19%,
,DIR-2018-4864-TOC-SPR,DIR-2018-4864-TOC-SPR,discretionary,No,800 S Western Ave,90005,8/20/18,,,,,,34.05736,-118.30887,23,0,0,0,23,207,230,200+ units,0.10,10-19%,
,DIR-2018-4743-TOC-SPR,DIR-2018-4743-TOC-SPR,discretionary,No,211 Alpine St,90012,8/14/18,,,,,,34.06211,-118.23731,17,0,0,0,17,153,170,100-199 units,0.10,10-19%,
,DIR-2018-4052-TOC-WDI-SPR,DIR-2018-4052-TOC-WDI-SPR,discretionary,No,1322 W Jefferson Blvd,90007,#N/A,,,,,,34.02538,-118.29526,13,0,0,0,13,117,130,100-199 units,0.10,10-19%,
,DIR-2018-6684-TOC-SPR,DIR-2018-6684-TOC-SPR,discretionary,No,255 S Burlington Ave,90057,11/14/18,,,,,,34.06190,-118.26868,13,0,0,0,13,117,130,100-199 units,0.10,10-19%,
,DIR-2017-81-TOC-SPR,DIR-2017-81-TOC-SPR,discretionary,No,10400 Santa Monica Blvd,90025,#N/A,,,,,,34.05702,-118.42411,0,0,0,12,12,108,120,100-199 units,0.10,10-19%,
,DIR-2018-3471-TOC,DIR-2018-3471-TOC,discretionary,No,1201 Myra Ave,90029,6/14/18,,,,,,34.09517,-118.28120,10,0,0,0,10,90,100,100-199 units,0.10,10-19%,
,DIR-2018-4190-TOC-SPR,DIR-2018-4190-TOC-SPR,discretionary,No,3836 N Figueroa St,90065,#N/A,,,,,,34.09097,-118.21091,0,0,10,0,10,90,100,100-199 units,0.10,10-19%,
,DIR-2018-3536-TOC,DIR-2018-3536-TOC,discretionary,No,10150 Venice Blvd,90232,6/18/18,,,,,,34.02166,-118.40112,8,0,0,0,8,72,80,050-099 units,0.10,10-19%,
,DIR-2018-3172-TOC-CDO,DIR-2018-3172-TOC-CDO,discretionary,No,12001 W Pico Blvd,90064,6/1/18,,,,,,34.02998,-118.44939,8,0,0,0,8,72,80,050-099 units,0.10,10-19%,
,DIR-2018-1257-TOC,DIR-2018-1257-TOC,discretionary,No,11246 Otsego St,91601,#N/A,,,,,,34.16289,-118.37613,7,0,0,0,7,63,70,050-099 units,0.10,10-19%,
,DIR-2018-7376-TOC,DIR-2018-7376-TOC,discretionary,No,1114 S St Andrews Pl,90038,12/13/18,,,,,,34.05036,-118.31101,6,0,0,0,6,54,60,050-099 units,0.10,10-19%,
,DIR-2013-2467-TOC,DIR-2013-2467-TOC,discretionary,No,10642 Santa Monica Blvd,90025,#N/A,,,,,,34.05265,-118.43057,4,0,0,0,4,36,40,020-049 units,0.10,10-19%,
,DIR-2018-3378-TOC,DIR-2018-3378-TOC,discretionary,No,1507 Hi Point St,90035,6/12/18,,,,,,34.04987,-118.36938,4,0,0,0,4,36,40,020-049 units,0.10,10-19%,
,DIR-2018-6861-TOC-WDI,DIR-2018-6861-TOC-WDI,discretionary,No,2017 W Temple St,90026,11/21/18,,,,,,34.07010,-118.26708,4,0,0,0,4,36,40,020-049 units,0.10,10-19%,
,DIR-2018-4928-TOC,DIR-2018-4928-TOC,discretionary,No,2412 Federal Ave,90064,8/22/18,,,,,,34.03223,-118.44309,4,0,0,0,4,36,40,020-049 units,0.10,10-19%,
,DIR-2018-5859-TOC,DIR-2018-5859-TOC,discretionary,No,502 S Harvard Blvd,90020,10/9/18,,,,,,34.06515,-118.30392,4,0,0,0,4,36,40,020-049 units,0.10,10-19%,
,DIR-2018-5303-TOC,DIR-2018-5303-TOC,discretionary,No,1917 S Western Ave,90018,9/11/18,,,,,,34.03933,-118.30930,3,0,0,0,3,27,30,020-049 units,0.10,10-19%,
,DIR-2018-7340-TOC,DIR-2018-7340-TOC,discretionary,Yes,3641 Motor Ave,90034,12/12/18,,,,,,34.02382,-118.40673,3,0,0,0,3,27,30,020-049 units,0.10,10-19%,
,DIR-2018-3839-TOC,DIR-2018-3839-TOC,discretionary,No,1848 S Gramercy Pl,90019,6/28/18,,,,,,34.04025,-118.31284,2,0,0,0,2,18,20,020-049 units,0.10,10-19%,
,DIR-2018-7067-TOC,DIR-2018-7067-TOC,discretionary,Yes,2347 Ocean View Ave,90057,12/4/18,,,,,,34.06285,-118.27706,0,0,2,0,2,18,20,020-049 units,0.10,10-19%,
,DIR-2018-734-TOC,DIR-2018-734-TOC,discretionary,No,314 S Harvard Blvd,90020,2/8/18,,,,,,34.06844,-118.30393,2,0,0,0,2,18,20,020-049 units,0.10,10-19%,
,DIR-2018-1603-TOC-WDI,DIR-2018-1603-TOC-WDI,discretionary,No,1705 S Hoover St,90006,3/21/18,,,,,,34.04257,-118.28432,1,0,0,0,1,9,10,010-019 units,0.10,10-19%,
,DIR-2018-6244-TOC,DIR-2018-6244-TOC,discretionary,Yes,724 Gramercy Dr,90005,10/25/18,,,,,,34.05927,-118.31205,1,0,0,0,1,9,10,010-019 units,0.10,10-19%,
,DIR-2018-5945-TOC-SPR,DIR-2018-5945-TOC-SPR,discretionary,No,2972 W 7th St,90005,10/12/18,,,,,,34.05964,-118.28873,23,0,0,0,23,205,228,200+ units,0.10,10-19%,
,DIR-2018-3021-TOC,DIR-2018-3021-TOC,discretionary,No,10412 Venice Blvd,90232,5/24/18,,,,,,34.01994,-118.40423,8,0,0,0,8,71,79,050-099 units,0.10,10-19%,
,DIR-2018-6175-TOC,DIR-2018-6175-TOC,discretionary,No,1632 W Florence Ave,90047,10/23/18,,,,,,33.97440,-118.30589,13,0,0,0,13,115,128,100-199 units,0.10,10-19%,
,DIR-2018-1136-TOC-WDI-SPR,DIR-2018-1136-TOC-WDI-SPR,discretionary,No,3688 Overland Ave,90034,3/1/18,,,,,,34.02128,-118.40874,19,0,0,0,19,168,187,100-199 units,0.10,10-19%,
,DIR-2018-6322-TOC-SPR,DIR-2018-6322-TOC-SPR,discretionary,No,10375 Washington Blvd,90232,10/29/18,,,,,,34.01898,-118.40218,11,0,0,0,11,97,108,100-199 units,0.10,10-19%,
,DIR-2018-7690-TOC-SPR,DIR-2018-7690-TOC-SPR,discretionary,No,744 S Serrano Ave,90005,12/28/18,,,,,,34.05843,-118.30642,16,0,0,0,16,141,157,100-199 units,0.10,10-19%,
,DIR-2018-3274-TOC,DIR-2018-3274-TOC,discretionary,No,252 N Hoover St,90004,6/7/18,,,,,,34.07587,-118.28300,4,0,0,0,4,35,39,020-049 units,0.10,10-19%,
,DIR-2018-2831-TOC,DIR-2018-2831-TOC,discretionary,Yes,366 Loma Dr,90017,5/15/18,,,,,,34.05902,-118.26624,4,0,0,0,4,35,39,020-049 units,0.10,10-19%,
,DIR-2018-1122-TOC-WDI,DIR-2018-1122-TOC-WDI,discretionary,No,971 S Hoover St,90006,3/1/18,,,,,,34.05321,-118.28438,4,0,0,0,4,35,39,020-049 units,0.10,10-19%,
,DIR-2018-5480-TOC,DIR-2018-5480-TOC,discretionary,No,10306 Santa Monica Blvd,90025,9/19/18,,,,,,34.05850,-118.42199,12,0,0,0,12,104,116,100-199 units,0.10,10-19%,
,DIR-2018-6996-TOC,DIR-2018-6996-TOC,discretionary,Yes,1444 Rexford Dr,90035,#N/A,,,,,,34.05377,-118.39413,3,0,0,0,3,26,29,020-049 units,0.10,10-19%,
,DIR-2018-309-TOC-SPR,DIR-2018-309-TOC-SPR,discretionary,No,2842 James M Wood Blvd,90006,1/18/18,,,,,,34.05575,-118.28998,20,0,0,0,20,173,193,100-199 units,0.10,10-19%,
,DIR-2018-5014-TOC-SPR,DIR-2018-5014-TOC-SPR,discretionary,No,6055 W Pico Blvd,90035,8/27/18,,,,,,34.05279,-118.37237,13,0,0,0,13,112,125,100-199 units,0.10,10-19%,
,DIR-2018-901-TOC,DIR-2018-901-TOC,discretionary,No,1045 Dewey Ave,90006,2/15/18,,,,,,34.05133,-118.29597,7,0,0,0,7,60,67,050-099 units,0.10,10-19%,
,DIR-2018-7382-TOC,DIR-2018-7382-TOC,discretionary,No,7951 Beverly Blvd,90048,12/13/18,,,,,,34.07626,-118.36289,6,0,0,0,6,51,57,050-099 units,0.11,10-19%,
,DIR-2018-2808-TOC,DIR-2018-2808-TOC,discretionary,No,860 S Normandie Ave,90005,5/15/18,,,,,,34.05607,-118.29966,6,0,0,0,6,51,57,050-099 units,0.11,10-19%,
,DIR-2018-5101-TOC-CDO,DIR-2018-5101-TOC-CDO,discretionary,No,10057 Riverside Dr,91602,8/30/18,,,,,,34.15237,-118.35014,4,0,0,0,4,34,38,020-049 units,0.11,10-19%,
,DIR-2017-5546-TOC,DIR-2017-5546-TOC,discretionary,No,321 S Oxford Ave,90020,12/28/17,,,,,,34.06827,-118.30803,4,0,0,0,4,34,38,020-049 units,0.11,10-19%,
,DIR-2018-3645-TOC,DIR-2018-3645-TOC,discretionary,Yes,950 S Berendo St,90006,6/21/18,,,,,,34.05416,-118.29358,8,0,0,0,8,67,75,050-099 units,0.11,10-19%,
,DIR-2017-4421-TOC,DIR-2017-4421-TOC,discretionary,Yes,1015 E VENICE BLVD,90291,11/1/17,,,,,,33.99440,-118.45258,6,0,0,0,6,50,56,050-099 units,0.11,10-19%,
,DIR-2017-4451-TOC,DIR-2017-4451-TOC,discretionary,No,10604 Santa Monica Blvd,90025,11/2/17,,,,,,34.05334,-118.42947,3,0,0,0,3,25,28,020-049 units,0.11,10-19%,
,DIR-2018-894-TOC,DIR-2018-894-TOC,discretionary,No,1546 S Orange Grove Ave,90019,2/15/18,,,,,,34.04816,-118.36621,3,0,0,0,3,25,28,020-049 units,0.11,10-19%,
,DIR-2018-3069-TOC,DIR-2018-3069-TOC,discretionary,No,3105 Bellevue Ave,90026,5/29/18,,,,,,34.07822,-118.27840,3,0,0,0,3,25,28,020-049 units,0.11,10-19%,
,DIR-2018-7647-TOC-CDO-SPR,DIR-2018-7647-TOC-CDO-SPR,discretionary,No,11434 W Pico Blvd,90064,12/24/18,,,,,,34.03370,-118.44139,11,0,0,0,11,91,102,100-199 units,0.11,10-19%,
,DIR-2017-5455-TOC,DIR-2017-5455-TOC,discretionary,No,3739 Cardiff Ave,90034,12/21/17,,,,,,34.02607,-118.39703,8,0,0,0,8,66,74,050-099 units,0.11,10-19%,
,DIR-2018-5870-TOC,DIR-2018-5870-TOC,discretionary,Yes,5891 W Olympic Blvd,90036,10/9/18,,,,,,34.05767,-118.35941,5,0,0,0,5,41,46,020-049 units,0.11,10-19%,
,DIR-2018-7191-TOC,DIR-2018-7191-TOC,discretionary,No,1310 S St Andrews Pl,90019,12/6/18,,,,,,34.04669,-118.31143,6,0,0,0,6,49,55,050-099 units,0.11,10-19%,
,DIR-2018-7554-TOC,DIR-2018-7554-TOC,discretionary,No,5530 Virginia Ave,90038,12/19/18,,,,,,34.09168,-118.31033,7,0,0,0,7,57,64,050-099 units,0.11,10-19%,
,DIR-2018-4319-TOC-SPR,DIR-2018-4319-TOC-SPR,discretionary,No,3869 Wilshire Blvd,90010,7/25/18,,,,,,34.06186,-118.31111,25,0,0,0,25,202,227,200+ units,0.11,10-19%,
,DIR-2018-7342-TOC,DIR-2018-7342-TOC,discretionary,No,600 N Western Ave,90004,12/12/18,,,,,,34.08189,-118.30894,7,0,0,0,7,56,63,050-099 units,0.11,10-19%,
,DIR-2018-5887-TOC,DIR-2018-5887-TOC,discretionary,Yes,5301 Sierra Vista Ave,90029,10/10/18,,,,,,34.09003,-118.30673,5,0,0,0,5,40,45,020-049 units,0.11,10-19%,
,DIR-2018-6691-TOC,DIR-2018-6691-TOC,discretionary,No,3764 Motor Ave,90034,11/14/18,,,,,,34.02126,-118.40436,4,0,0,0,4,32,36,020-049 units,0.11,10-19%,
,DIR-2018-7374-TOC,DIR-2018-7374-TOC,discretionary,No,916 State Route 2,90026,12/13/18,,,,,,34.07586,-118.26433,3,0,0,0,3,24,27,020-049 units,0.11,10-19%,
,DIR-2018-4649-TOC,DIR-2018-4649-TOC,discretionary,No,1817 Sichel St,90031,8/9/18,,,,,,34.06440,-118.21294,2,0,0,0,2,16,18,010-019 units,0.11,10-19%,
,DIR-2018-6497-TOC,DIR-2018-6497-TOC,discretionary,No,1228 Fedora St,90006,11/6/18,,,,,,34.04821,-118.29775,1,0,0,0,1,8,9,005-009 units,0.11,10-19%,
,DIR-2018-3609-TOC-SPR,DIR-2018-3609-TOC-SPR,discretionary,No,11001 W Pico Blvd,90064,6/20/18,,,,,,34.03832,-118.43266,10,0,0,0,10,79,89,050-099 units,0.11,10-19%,
,ZA-2018-3985-MCUP-TOC-WDI-SPR,ZA-2018-3985-MCUP-TOC-WDI-SPR,discretionary,No,550 Shatto Pl,90020,7/9/18,,,,,,34.06406,-118.28969,29,0,0,0,29,228,257,200+ units,0.11,10-19%,
,DIR-2018-6719-TOC-WDI,DIR-2018-6719-TOC-WDI,discretionary,No,2301 Westwood Blvd,90064,11/15/18,,,,,,34.04219,-118.43055,7,0,0,0,7,55,62,050-099 units,0.11,10-19%,
,DIR-2018-1626-TOC,DIR-2018-1626-TOC,discretionary,No,870 Gramercy Dr,90005,3/22/18,,,,,,34.05647,-118.31204,6,0,0,0,6,47,53,050-099 units,0.11,10-19%,
,DIR-2018-4954-TOC,DIR-2018-4954-TOC,discretionary,Yes,1120 S Serrano Ave,90006,8/23/18,,,,,,34.05014,-118.30618,6,0,0,0,6,46,52,050-099 units,0.12,10-19%,
,ZA-2018-3409-CU-CUB-SPR-TOC,ZA-2018-3409-CU-CUB-SPR-TOC,discretionary,No,6075 W Pico Blvd,90035,6/13/18,,,,,,34.05293,-118.37320,5,0,0,0,5,38,43,020-049 units,0.12,10-19%,
,DIR-2018-5355-TOC,DIR-2018-5355-TOC,discretionary,Yes,4000 W 6th St,90020,9/13/18,,,,,,34.06338,-118.31064,6,0,0,0,6,45,51,050-099 units,0.12,10-19%,
,DIR-2018-5647-TOC,DIR-2018-5647-TOC,discretionary,Yes,1550 Pleasant Ave,90033,9/27/18,,,,,,34.04838,-118.22094,4,0,0,0,4,30,34,020-049 units,0.12,10-19%,
,DIR-2018-3014-TOC,DIR-2018-3014-TOC,discretionary,No,3716 Motor Ave,90034,5/24/18,,,,,,34.02234,-118.40519,4,0,0,0,4,30,34,020-049 units,0.12,10-19%,
,DIR-2018-1868-TOC,DIR-2018-1868-TOC,discretionary,No,5755 Tujunga Ave,91601,4/3/18,,,,,,34.17554,-118.37920,4,0,0,0,4,30,34,020-049 units,0.12,10-19%,
,DIR-2018-7431-TOC,DIR-2018-7431-TOC,discretionary,Yes,11668 Darlington Ave,90049,12/14/18,,,,,,34.05304,-118.46343,2,0,0,0,2,15,17,010-019 units,0.12,10-19%,
,DIR-2018-4296-TOC,DIR-2018-4296-TOC,discretionary,No,3718 S Bentley Ave,90034,7/24/18,,,,,,34.01532,-118.41691,2,0,0,0,2,15,17,010-019 units,0.12,10-19%,
,DIR-2018-1421-TOC-SPP,DIR-2018-1421-TOC-SPP,discretionary,No,627 N Juanita Ave,90004,#N/A,,,,,,34.08266,-118.29064,2,0,0,0,2,15,17,010-019 units,0.12,10-19%,
,DIR-2018-4508-TOC,DIR-2018-4508-TOC,discretionary,No,4918 Melrose Ave,90029,#N/A,,,,,,34.08341,-118.30753,5,0,0,0,5,37,42,020-049 units,0.12,10-19%,
,DIR-2018-3524-TOC,DIR-2018-3524-TOC,discretionary,No,845 S St Andrews Pl,90005,6/18/18,,,,,,34.05676,-118.31130,3,0,0,0,3,22,25,020-049 units,0.12,10-19%,
,DIR-2018-2732-TOC,DIR-2018-2732-TOC,discretionary,No,1032 N Coronado St,90026,5/10/18,,,,,,34.07897,-118.26918,4,0,0,0,4,29,33,020-049 units,0.12,10-19%,
,DIR-2018-4752-TOC,DIR-2018-4752-TOC,discretionary,No,10528 Woodbine St,90034,8/14/18,,,,,,34.02663,-118.41126,4,0,0,0,4,29,33,020-049 units,0.12,10-19%,
,DIR-2018-4682-TOC,DIR-2018-4682-TOC,discretionary,Yes,1319 S Orange Grove Ave,90019,8/10/18,,,,,,34.05270,-118.36521,4,0,0,0,4,29,33,020-049 units,0.12,10-19%,
,DIR-2018-3931-TOC,DIR-2018-3931-TOC,discretionary,No,900 N Ardmore Ave,90029,7/3/18,,,,,,34.08645,-118.30172,0,4,0,0,4,29,33,020-049 units,0.12,10-19%,
,DIR-2017-5540-TOC,DIR-2017-5540-TOC,discretionary,No,1100 S Hobart Blvd,90006,12/28/17,,,,,,34.05071,-118.30509,4,1,0,0,5,35,40,020-049 units,0.13,10-19%,
,DIR-2017-5551-TOC-WDI,DIR-2017-5551-TOC-WDI,discretionary,No,11272 Nebraska Ave,90025,12/29/17,,,,,,34.04399,-118.44578,3,0,0,0,3,21,24,020-049 units,0.13,10-19%,
,DIR-2017-1073-TOC,DIR-2017-1073-TOC,discretionary,No,1920 Whitley Ave,90068,#N/A,,,,,,34.10591,-118.33321,3,0,0,0,3,21,24,020-049 units,0.13,10-19%,
,DIR-2017-4807-TOC,DIR-2017-4807-TOC,discretionary,No,5533 Virginia Ave,90038,11/16/17,,,,,,34.09190,-118.31033,3,0,0,0,3,21,24,020-049 units,0.13,10-19%,
,DIR-2018-6274-DRB-SPP-TOC,DIR-2018-6274-DRB-SPP-TOC,discretionary,No,6320 Crenshaw Blvd,90043,10/26/18,,,,,,33.98233,-118.33064,3,0,0,0,3,21,24,020-049 units,0.13,10-19%,
,DIR-2018-4999-TOC,DIR-2018-4999-TOC,discretionary,No,919 S Harvard Blvd,90006,8/24/18,,,,,,34.05522,-118.30429,3,0,0,0,3,21,24,020-049 units,0.13,10-19%,
,DIR-2018-5510-TOC,DIR-2018-5510-TOC,discretionary,No,1822 Overland Ave,90025,9/20/18,,,,,,34.05080,-118.43208,2,0,0,0,2,14,16,010-019 units,0.13,10-19%,
,DIR-2018-1581-TOC,DIR-2018-1581-TOC,discretionary,No,4324 S Vermont Ave,90037,3/20/18,,,,,,34.00478,-118.29134,2,0,0,0,2,14,16,010-019 units,0.13,10-19%,
,DIR-2018-3110-TOC,DIR-2018-3110-TOC,discretionary,No,545 S Serrano Ave,90020,5/30/18,,,,,,34.06398,-118.30677,3,0,0,0,3,19,22,020-049 units,0.14,10-19%,
,DIR-2017-4561-TOC,DIR-2017-4561-TOC,discretionary,Yes,226 N Lake St,90026,11/7/17,,,,,,34.06878,-118.27010,0,5,0,0,5,31,36,020-049 units,0.14,10-19%,
,DIR-2018-3038-TOC-WDI-DD-SPR,DIR-2018-3038-TOC-WDI-DD-SPR,discretionary,No,11261 Santa Monica Blvd,90025,#N/A,,,,,,34.04687,-118.44780,0,17,0,0,17,102,119,100-199 units,0.14,10-19%,
,DIR-2017-3522-DRB-SPP-MSP-TOC,DIR-2017-3522-DRB-SPP-MSP-TOC,discretionary,No,3657 Regal Pl,90068,#N/A,,,,,,34.13414,-118.36188,0,4,0,0,4,24,28,020-049 units,0.14,10-19%,
,DIR-2018-2589-TOC,DIR-2018-2589-TOC,discretionary,No,1612 Pleasant Ave,90033,5/4/18,,,,,,34.04805,-118.22062,3,0,0,0,3,18,21,020-049 units,0.14,10-19%,
,DIR-2018-1656-TOC,DIR-2018-1656-TOC,discretionary,No,2885 Francis Ave,90005,3/22/18,,,,,,34.05692,-118.28880,0,3,0,0,3,18,21,020-049 units,0.14,10-19%,
,DIR-2018-6392-TOC,DIR-2018-6392-TOC,discretionary,No,5823 Lexington Ave,90038,10/31/18,,,,,,34.09288,-118.31652,3,0,0,0,3,18,21,020-049 units,0.14,10-19%,
,DIR-2018-723-TOC,DIR-2018-723-TOC,discretionary,No,1130 N Beachwood Dr,90038,2/7/18,,,,,,34.09169,-118.32105,2,0,0,0,2,12,14,010-019 units,0.14,10-19%,
,DIR-2018-7467-TOC,DIR-2018-7467-TOC,discretionary,No,1151 Gordon St,90038,12/18/18,,,,,,34.09225,-118.32023,0,2,0,0,2,12,14,010-019 units,0.14,10-19%,
,DIR-2018-3391-TOC,DIR-2018-3391-TOC,discretionary,No,1568 S Orange Grove Ave,90019,6/13/18,,,,,,34.04757,-118.36638,0,2,0,0,2,12,14,010-019 units,0.14,10-19%,
,DIR-2018-3888-TOC,DIR-2018-3888-TOC,discretionary,No,4433 Cartwright Ave,91602,7/2/18,,,,,,34.15127,-118.36320,0,2,0,0,2,12,14,010-019 units,0.14,10-19%,
,DIR-2018-4817-TOC,DIR-2018-4817-TOC,discretionary,No,611 N Manhattan Pl,90004,8/17/18,,,,,,34.08212,-118.31032,2,0,0,0,2,12,14,010-019 units,0.14,10-19%,
,DIR-2018-4793-TOC,DIR-2018-4793-TOC,discretionary,No,5456 Barton Ave,90038,8/16/18,,,,,,34.08747,-118.31113,0,1,0,0,1,6,7,005-009 units,0.14,10-19%,
,ZA-2018-4288-CU-TOC-WDI,ZA-2018-4288-CU-TOC-WDI,discretionary,No,1723 Wilcox Ave,90028,7/23/18,,,,,,34.09714,-118.33116,0,10,0,0,10,58,68,050-099 units,0.15,10-19%,
,DIR-2018-2029-TOC,DIR-2018-2029-TOC,discretionary,No,1251 West Blvd,90019,4/10/18,,,,,,34.05000,-118.33337,0,3,0,0,3,17,20,020-049 units,0.15,10-19%,
,DIR-2018-7019-TOC,DIR-2018-7019-TOC,discretionary,No,930 S Mansfield Ave,90036,11/30/18,,,,,,34.05789,-118.34211,3,0,0,0,3,17,20,020-049 units,0.15,10-19%,
,DIR-2018-7575-SPP-TOC,DIR-2018-7575-SPP-TOC,discretionary,No,4100 Melrose Ave,90029,12/20/18,,,,,,34.08348,-118.28966,0,5,0,0,5,28,33,020-049 units,0.15,10-19%,
,DIR-2017-5254-TOC-CDO,DIR-2017-5254-TOC-CDO,discretionary,No,12300 W Pico Blvd,90064,12/13/17,,,,,,34.02831,-118.45199,0,10,0,0,10,55,65,050-099 units,0.15,10-19%,
,DIR-2016-4148-TOC,DIR-2016-4148-TOC,discretionary,No,920 S Gramercy Pl,90019,#N/A,,,,,,34.05508,-118.31204,0,2,0,0,2,11,13,010-019 units,0.15,10-19%,
,DIR-2018-4525-TOC,DIR-2018-4525-TOC,discretionary,Yes,6753 Selma Ave,90028,8/2/18,,,,,,34.09981,-118.33766,0,8,0,0,8,43,51,050-099 units,0.16,10-19%,
,DIR-2018-2943-TOC,DIR-2018-2943-TOC,discretionary,No,846 S Mariposa Ave,90005,5/22/18,,,,,,34.05637,-118.29857,4,1,1,0,6,32,38,020-049 units,0.16,10-19%,
,DIR-2018-4336-TOC,DIR-2018-4336-TOC,discretionary,No,10867 Fruitland Dr,91604,7/26/18,,,,,,34.13849,-118.36779,0,3,0,0,3,16,19,010-019 units,0.16,10-19%,
,DIR-2018-2957-TOC,DIR-2018-2957-TOC,discretionary,Yes,5314 Cartwright Ave,91601,5/22/18,,,,,,34.16720,-118.36305,0,8,0,0,8,42,50,050-099 units,0.16,10-19%,
,DIR-2018-5664-TOC,DIR-2018-5664-TOC,discretionary,No,2837 San Marino St,90006,9/27/18,,,,,,34.05514,-118.28995,0,4,0,0,4,21,25,020-049 units,0.16,10-19%,
,DIR-2018-7148-TOC,DIR-2018-7148-TOC,discretionary,No,2310 Ocean View Ave,90057,12/5/18,,,,,,34.06268,-118.27586,0,4,0,0,4,20,24,020-049 units,0.17,10-19%,
,DIR-2018-5473-DRB-SPP-TOC,DIR-2018-5473-DRB-SPP-TOC,discretionary,No,6515 Crenshaw Blvd,90043,9/19/18,,,,,,33.98014,-118.33118,0,4,0,0,4,20,24,020-049 units,0.17,10-19%,
,DIR-2018-347-TOC-SPP-SPPA-WDI,DIR-2018-347-TOC-SPP-SPPA-WDI,discretionary,No,4575 Santa Monica Blvd,90029,1/19/18,,,,,,34.09102,-118.28836,0,2,0,0,2,10,12,010-019 units,0.17,10-19%,
,DIR-2018-6162-TOC,DIR-2018-6162-TOC,discretionary,No,231 S Westlake Ave,90057,10/23/18,,,,,,34.06412,-118.27035,0,1,0,0,1,5,6,005-009 units,0.17,10-19%,
,DIR-2018-3411-TOC,DIR-2018-3411-TOC,discretionary,Yes,2465 Purdue Ave,90064,6/13/18,,,,,,34.03262,-118.43944,2,1,0,0,3,14,17,010-019 units,0.18,10-19%,
,DIR-2018-6987-TOC,DIR-2018-6987-TOC,discretionary,Yes,8867 Alcott St,90035,11/29/18,,,,,,34.05422,-118.38609,0,2,1,0,3,14,17,010-019 units,0.18,10-19%,
,DIR-2018-5175-TOC,DIR-2018-5175-TOC,discretionary,No,8900 Ramsgate Ave,90045,9/4/18,,,,,,33.95650,-118.38253,4,1,1,0,6,27,33,020-049 units,0.18,10-19%,
,DIR-2018-3005-TOC,DIR-2018-3005-TOC,discretionary,Yes,924 S Catalina St,90006,5/24/18,,,,,,34.05498,-118.29523,3,1,2,0,6,27,33,020-049 units,0.18,10-19%,
,DIR-2018-1677-TOC,DIR-2018-1677-TOC,discretionary,Yes,11514 Cumpston St,91601,3/23/18,,,,,,34.16955,-118.38283,2,0,0,0,2,9,11,010-019 units,0.18,10-19%,
,DIR-2018-5142-TOC,DIR-2018-5142-TOC,discretionary,No,655 S La Jolla Ave,90048,8/31/18,,,,,,34.06448,-118.36827,0,2,0,0,2,9,11,010-019 units,0.18,10-19%,
,DIR-2018-6059-TOC,DIR-2018-6059-TOC,discretionary,No,834 S Shenandoah St,90035,10/17/18,,,,,,34.06193,-118.38120,0,2,0,0,2,9,11,010-019 units,0.18,10-19%,
,DIR-2018-7606-TOC,DIR-2018-7606-TOC,discretionary,No,9033 Ramsgate Ave,90045,12/20/18,,,,,,33.95421,-118.38279,0,7,2,0,9,36,45,020-049 units,0.20,20-29%,
,DIR-2018-5515-TOC,DIR-2018-5515-TOC,discretionary,Yes,329 S Bonnie Brae St,90057,9/20/18,,,,,,34.06114,-118.27086,0,6,0,0,6,24,30,020-049 units,0.20,20-29%,
,DIR-2018-6560-TOC,DIR-2018-6560-TOC,discretionary,No,8716 Ramsgate Ave,90045,11/8/18,,,,,,33.95846,-118.38254,6,0,0,0,6,24,30,020-049 units,0.20,20-29%,
,DIR-2018-4655-TOC,DIR-2018-4655-TOC,discretionary,No,8911 Ramsgate Ave,90045,8/9/18,,,,,,33.95622,-118.38280,0,5,1,0,6,24,30,020-049 units,0.20,20-29%,
,DIR-2018-5208-TOC,DIR-2018-5208-TOC,discretionary,No,8922 Reading Ave,90045,9/5/18,,,,,,33.95590,-118.38145,3,2,1,0,6,24,30,020-049 units,0.20,20-29%,
,DIR-2018-1277-TOC,DIR-2018-1277-TOC,discretionary,Yes,9007 Ramsgate Ave,90045,3/8/18,,,,,,33.95497,-118.38280,3,2,1,0,6,24,30,020-049 units,0.20,20-29%,
,DIR-2018-2503-SPP-TOC,DIR-2018-2503-SPP-TOC,discretionary,Yes,549 N Heliotrope Dr,90004,5/2/18,,,,,,34.08053,-118.29545,0,2,0,0,2,8,10,010-019 units,0.20,20-29%,
,APCC-2018-3029-SPE-SPP-TOC,APCC-2018-3029-SPE-SPP-TOC,discretionary,No,4055 Oakwood Ave,90004,5/24/18,,,,,,34.07783,-118.29459,0,10,4,0,14,54,68,050-099 units,0.21,20-29%,
,DIR-2018-6344-TOC,DIR-2018-6344-TOC,discretionary,No,8733 Reading Ave,90045,10/30/18,,,,,,33.95883,-118.38174,7,0,0,0,7,27,34,020-049 units,0.21,20-29%,
,DIR-2018-2628-TOC,DIR-2018-2628-TOC,discretionary,Yes,941 N Martel Ave,90046,5/7/18,,,,,,34.08823,-118.35125,0,2,1,0,3,11,14,010-019 units,0.21,20-29%,
,DIR-2018-2234-TOC,DIR-2018-2234-TOC,discretionary,No,985 3rd Ave,90019,4/19/18,,,,,,34.05305,-118.31760,0,0,11,0,11,40,51,050-099 units,0.22,20-29%,
,DIR-2018-5079-TOC-SPR,DIR-2018-5079-TOC-SPR,discretionary,No,401 S Western Ave,90020,8/29/18,,,,,,34.06702,-118.30939,0,0,16,0,16,57,73,050-099 units,0.22,20-29%,
,DIR-2018-4983-TOC,DIR-2018-4983-TOC,discretionary,No,904 S Normandie Ave,90006,8/24/18,,,,,,34.05565,-118.29966,0,0,7,0,7,22,29,020-049 units,0.24,20-29%,
,DIR-2018-1393-TOC-DRB-SPP-SPR,DIR-2018-1393-TOC-DRB-SPP-SPR,discretionary,No,4252 Crenshaw Blvd,90008,3/13/18,,,,,,34.00668,-118.33443,0,0,28,0,28,83,111,100-199 units,0.25,20-29%,
,DIR-2016-3116-TOC-SPP,DIR-2016-3116-TOC-SPP,discretionary,No,1322 Maryland St,90017,#N/A,,,,,,34.05600,-118.26176,0,0,13,0,13,35,48,020-049 units,0.27,20-29%,
,DIR-2018-6671-TOC,DIR-2018-6671-TOC,discretionary,No,320 N Mountain View Ave,90026,11/14/18,,,,,,34.06943,-118.26716,2,1,1,0,4,10,14,010-019 units,0.29,20-29%,
,DIR-2017-5395-SPR-TOC,DIR-2017-5395-SPR-TOC,discretionary,No,2375 W Washington Blvd,90018,12/20/17,,,,,,34.04009,-118.31383,0,9,53,0,62,2,64,050-099 units,0.97,90+%,
,DIR-2018-5415-TOC,DIR-2018-5415-TOC,discretionary,No,4601 W Washington Blvd,90016,9/18/18,,,,,,34.04001,-118.33993,3,0,29,0,32,1,33,020-049 units,0.97,90+%,
,DIR-2018-5919-TOC,DIR-2018-5919-TOC,discretionary,No,1035 S Berendo St,90006,10/11/18,,,,,,34.05172,-118.29388,0,0,41,0,41,1,42,020-049 units,0.98,90+%,
,DIR-2018-5204-TOC,DIR-2018-5204-TOC,discretionary,Yes,4604 S Western Ave,90062,9/5/18,,,,,,34.00167,-118.30875,0,0,48,0,48,1,49,020-049 units,0.98,90+%,
,DIR-2018-394-TOC,DIR-2018-394-TOC,discretionary,No,6901 S Main St,90003,1/23/18,,,,,,33.97720,-118.27415,0,0,49,0,49,1,50,050-099 units,0.98,90+%,
,DIR-2018-5601-TOC,DIR-2018-5601-TOC,discretionary,No,7600 S Vermont Ave,90044,9/25/18,,,,,,33.97057,-118.29131,0,6,43,0,49,1,50,050-099 units,0.98,90+%,
,DIR-2017-4059-TOC,DIR-2017-4059-TOC,discretionary,No,432 E Florence Ave,90003,10/10/17,,,,,,33.97456,-118.26683,50,0,0,0,50,1,51,050-099 units,0.98,90+%,
,DIR-2017-4872-TOC,DIR-2017-4872-TOC,discretionary,No,5627 Fernwood Ave,90028,11/21/17,,,,,,34.09607,-118.31193,0,59,0,0,59,1,60,050-099 units,0.98,90+%,
,DIR-2018-545-TOC-WDI,DIR-2018-545-TOC-WDI,discretionary,No,11950 Missouri Ave,90025,1/30/18,,,,,,34.03536,-118.45663,0,0,73,0,73,1,74,050-099 units,0.99,90+%,
,DIR-2018-4135-TOC-SPR,DIR-2018-4135-TOC-SPR,discretionary,No,714 S Grand View St,90057,7/17/18,,,,,,34.05688,-118.27912,11,0,88,0,99,1,100,100-199 units,0.99,90+%,
,DIR-2018-3691-TOC-SPP-WDI,DIR-2018-3691-TOC-SPP-WDI,discretionary,No,418 Firmin St,90026,6/22/18,,,,,,34.06469,-118.25383,0,64,0,0,64,0,64,050-099 units,1.00,90+%,
,DIR-2018-5417-TOC,DIR-2018-5417-TOC,discretionary,No,4600 W Washington Blvd,90016,9/18/18,,,,,,34.03967,-118.34007,3,0,20,0,23,0,23,020-049 units,1.00,90+%,